epoch_ms,iso,channel,ratio,value,unit
1787756904364,2026-08-26T17:08:24.364000,0,-0.000076303,-0.086680338807041,g
1787756904467,2026-08-26T17:08:24.467000,0,-0.000076303,-0.086680338807041,g
1787756904570,2026-08-26T17:08:24.570000,0,-0.000076303,-0.086680338807041,g
1787756904670,2026-08-26T17:08:24.670000,0,-0.000076393,0.3564242894642677,g
1787756904774,2026-08-26T17:08:24.774000,0,-0.000076393,0.3564242894642677,g
1787756904875,2026-08-26T17:08:24.875000,0,-0.000076324,0.01486395558434506,g
1787756904975,2026-08-26T17:08:24.975000,0,-0.000076327,0.028711130094073545,g
1787756905076,2026-08-26T17:08:25.076000,0,-0.000076350,0.14410259899512093,g
1787756905176,2026-08-26T17:08:25.176000,0,-0.000076310,-0.0543719169642302,g
1787756905277,2026-08-26T17:08:25.277000,0,-0.000076323,0.01024492672139137,g
1787756905326,2026-08-26T17:08:25.326000,3,0.001753696,-0.13399502592241122,g
1787756905377,2026-08-26T17:08:25.377000,0,-0.000076373,0.25949406789623547,g
1787756905426,2026-08-26T17:08:25.426000,3,0.001753754,-0.1613194076733828,g
1787756905479,2026-08-26T17:08:25.479000,0,-0.000076329,0.042558304603802034,g
1787756905527,2026-08-26T17:08:25.527000,3,0.001753706,-0.13840255062939674,g
1787756905580,2026-08-26T17:08:25.580000,0,-0.000076363,0.20871944268080966,g
1787756905628,2026-08-26T17:08:25.628000,3,0.001753742,-0.15559019341238628,g
1787756905683,2026-08-26T17:08:25.683000,0,-0.000076368,0.23179971887684564,g
1787756905730,2026-08-26T17:08:25.730000,3,0.001753701,-0.13619878827590398,g
1787756905783,2026-08-26T17:08:25.783000,0,-0.000076338,0.08409487209338762,g
1787756905832,2026-08-26T17:08:25.832000,3,0.001753688,-0.13002901083013452,g
1787756905887,2026-08-26T17:08:25.887000,0,-0.000076365,0.21795254436711717,g
1787756905933,2026-08-26T17:08:25.933000,3,0.001753715,-0.1428096021212604,g
1787756905988,2026-08-26T17:08:25.988000,0,-0.000076358,0.18564412252430637,g
1787756906036,2026-08-26T17:08:26.036000,3,0.001753720,-0.14501336447475316,g
1787756906100,2026-08-26T17:08:26.100000,0,-0.000076355,0.1717969480145779,g
1787756906136,2026-08-26T17:08:26.136000,3,0.001753706,-0.13884311381406705,g
1787756906200,2026-08-26T17:08:26.200000,0,-0.000076386,0.324110911581857,g
1787756906237,2026-08-26T17:08:26.237000,3,0.001753717,-0.1436912017056203,g
1787756906302,2026-08-26T17:08:26.302000,0,-0.000076342,0.10717514828942361,g
1787756906340,2026-08-26T17:08:26.340000,3,0.001753647,-0.11063713247863297,g
1787756906402,2026-08-26T17:08:26.402000,0,-0.000076366,0.22256661719047097,g
1787756906446,2026-08-26T17:08:26.446000,3,0.001753700,-0.13575822509123364,g
1787756906503,2026-08-26T17:08:26.503000,0,-0.000076330,0.04717237742715585,g
1787756906548,2026-08-26T17:08:26.548000,3,0.001753704,-0.13752095104493423,g
1787756906605,2026-08-26T17:08:26.605000,0,-0.000076347,0.1302554244854596,g
1787756906651,2026-08-26T17:08:26.651000,3,0.001753693,-0.13223229996860802,g
1787756906708,2026-08-26T17:08:26.708000,0,-0.000076318,-0.012830393435111912,g
1787756906752,2026-08-26T17:08:26.752000,3,0.001753735,-0.15250530468955284,g
1787756906808,2026-08-26T17:08:26.808000,0,-0.000076354,0.1625638463282704,g
1787756906852,2026-08-26T17:08:26.852000,3,0.001753714,-0.14236903893659006,g
1787756906909,2026-08-26T17:08:26.909000,0,-0.000076360,0.19487226817108116,g
1787756906952,2026-08-26T17:08:26.952000,3,0.001753724,-0.14721665361322667,g
1787756907009,2026-08-26T17:08:27.009000,0,-0.000076338,0.08409487209338762,g
1787756907053,2026-08-26T17:08:27.053000,3,0.001753687,-0.12958797443044495,g
1787756907109,2026-08-26T17:08:27.109000,0,-0.000076316,-0.02206349512141942,g
1787756907153,2026-08-26T17:08:27.153000,3,0.001753722,-0.1463355272437834,g
1787756907209,2026-08-26T17:08:27.209000,0,-0.000076358,0.18564412252430637,g
1787756907253,2026-08-26T17:08:27.253000,3,0.001753723,-0.14677609042855633,g
1787756907309,2026-08-26T17:08:27.309000,0,-0.000076339,0.08871390095627414,g
1787756907353,2026-08-26T17:08:27.353000,3,0.001753702,-0.1366393514605743,g
1787756907410,2026-08-26T17:08:27.410000,0,-0.000076345,0.12102232279908492,g
1787756907454,2026-08-26T17:08:27.454000,3,0.001753681,-0.12694364889228185,g
1787756907510,2026-08-26T17:08:27.510000,0,-0.000076345,0.12102232279908492,g
1787756907554,2026-08-26T17:08:27.554000,3,0.001753713,-0.1419280025369005,g
1787756907610,2026-08-26T17:08:27.610000,0,-0.000076346,0.12563639562250592,g
1787756907654,2026-08-26T17:08:27.654000,3,0.001753679,-0.1256214861232516,g
1787756907710,2026-08-26T17:08:27.710000,0,-0.000076348,0.13486949730881342,g
1787756907754,2026-08-26T17:08:27.754000,3,0.001753685,-0.12870684806110427,g
1787756907811,2026-08-26T17:08:27.811000,0,-0.000076308,-0.0636050186505377,g
1787756907855,2026-08-26T17:08:27.855000,3,0.001753684,-0.1282658116614147,g
1787756907911,2026-08-26T17:08:27.911000,0,-0.000076349,0.1394835701322344,g
1787756907955,2026-08-26T17:08:27.955000,3,0.001753666,-0.1198922718622551,g
1787756908011,2026-08-26T17:08:28.011000,0,-0.000076341,0.09794204660304894,g
1787756908055,2026-08-26T17:08:28.055000,3,0.001753665,-0.11901114549281183,g
1787756908111,2026-08-26T17:08:28.111000,0,-0.000076394,0.3610383622876215,g
1787756908155,2026-08-26T17:08:28.155000,3,0.001753765,-0.16660805874970896,g
1787756908212,2026-08-26T17:08:28.212000,0,-0.000076330,0.04717237742715585,g
1787756908256,2026-08-26T17:08:28.256000,3,0.001753659,-0.11636681995464873,g
1787756908312,2026-08-26T17:08:28.312000,0,-0.000076315,-0.02667756794477323,g
1787756908356,2026-08-26T17:08:28.356000,3,0.001753699,-0.13531718869144146,g
1787756908412,2026-08-26T17:08:28.412000,0,-0.000076348,0.13486949730881342,g
1787756908456,2026-08-26T17:08:28.456000,3,0.001753691,-0.13135117359926737,g
1787756908512,2026-08-26T17:08:28.512000,0,-0.000076333,0.06101955193688433,g
1787756908556,2026-08-26T17:08:28.556000,3,0.001753694,-0.13311389955307054,g
1787756908613,2026-08-26T17:08:28.613000,0,-0.000076365,0.21795254436711717,g
1787756908657,2026-08-26T17:08:28.657000,3,0.001753735,-0.15250530468955284,g
1787756908713,2026-08-26T17:08:28.713000,0,-0.000076370,0.24564689338650697,g
1787756908757,2026-08-26T17:08:28.757000,3,0.001753709,-0.1401652765830973,g
1787756908813,2026-08-26T17:08:28.813000,0,-0.000076339,0.08871390095627414,g
1787756908857,2026-08-26T17:08:28.857000,3,0.001753731,-0.15030154233606008,g
1787756908913,2026-08-26T17:08:28.913000,0,-0.000076323,0.01024492672139137,g
1787756908957,2026-08-26T17:08:28.957000,3,0.001753705,-0.13796151422960454,g
1787756909014,2026-08-26T17:08:29.014000,0,-0.000076356,0.17641102083799887,g
1787756909058,2026-08-26T17:08:29.058000,3,0.001753722,-0.1463355272437834,g
1787756909114,2026-08-26T17:08:29.114000,0,-0.000076347,0.1302554244854596,g
1787756909158,2026-08-26T17:08:29.158000,3,0.001753720,-0.1454539276594235,g
1787756909214,2026-08-26T17:08:29.214000,0,-0.000076351,0.1487166718185419,g
1787756909258,2026-08-26T17:08:29.258000,3,0.001753655,-0.11460362078592891,g
1787756909314,2026-08-26T17:08:29.314000,0,-0.000076357,0.1810250936613527,g
1787756909358,2026-08-26T17:08:29.358000,3,0.001753717,-0.1436912017056203,g
1787756909415,2026-08-26T17:08:29.415000,0,-0.000076351,0.1487166718185419,g
1787756909458,2026-08-26T17:08:29.458000,3,0.001753680,-0.1265030857076115,g
1787756909515,2026-08-26T17:08:29.515000,0,-0.000076367,0.22718069001389196,g
1787756909559,2026-08-26T17:08:29.559000,3,0.001753698,-0.13487662550677113,g
1787756909615,2026-08-26T17:08:29.615000,0,-0.000076314,-0.03129659680772692,g
1787756909659,2026-08-26T17:08:29.659000,3,0.001753726,-0.14809825319758657,g
1787756909715,2026-08-26T17:08:29.715000,0,-0.000076354,0.1625638463282704,g
1787756909759,2026-08-26T17:08:29.759000,3,0.001753648,-0.11107816887832256,g
1787756909815,2026-08-26T17:08:29.815000,0,-0.000076348,0.13486949730881342,g
1787756909859,2026-08-26T17:08:29.859000,3,0.001753671,-0.12209603421574786,g
1787756909916,2026-08-26T17:08:29.916000,0,-0.000076349,0.1394835701322344,g
1787756909960,2026-08-26T17:08:29.960000,3,0.001753654,-0.11416305760125858,g
1787756910016,2026-08-26T17:08:30.016000,0,-0.000076336,0.07486672644661282,g
1787756910060,2026-08-26T17:08:30.060000,3,0.001753687,-0.12958797443044495,g
1787756910116,2026-08-26T17:08:30.116000,0,-0.000076344,0.11640824997573111,g
1787756910160,2026-08-26T17:08:30.160000,3,0.001753724,-0.14721665361322667,g
1787756910216,2026-08-26T17:08:30.216000,0,-0.000076341,0.10256107546600263,g
1787756910260,2026-08-26T17:08:30.260000,3,0.001753663,-0.11812954590845191,g
1787756910317,2026-08-26T17:08:30.317000,0,-0.000076343,0.11178922111277742,g
1787756910361,2026-08-26T17:08:30.361000,3,0.001753694,-0.13311389955307054,g
1787756910417,2026-08-26T17:08:30.417000,0,-0.000076340,0.09332797377969512,g
1787756910461,2026-08-26T17:08:30.461000,3,0.001753694,-0.13311389955307054,g
1787756910517,2026-08-26T17:08:30.517000,0,-0.000076327,0.028711130094073545,g
1787756910561,2026-08-26T17:08:30.561000,3,0.001753691,-0.13135117359926737,g
1787756910617,2026-08-26T17:08:30.617000,0,-0.000076329,0.042558304603802034,g
1787756910661,2026-08-26T17:08:30.661000,3,0.001753705,-0.13796151422960454,g
1787756910718,2026-08-26T17:08:30.718000,0,-0.000076337,0.07948079926996664,g
1787756910762,2026-08-26T17:08:30.762000,3,0.001753672,-0.12253659740041818,g
1787756910818,2026-08-26T17:08:30.818000,0,-0.000076372,0.2548750390332818,g
1787756910862,2026-08-26T17:08:30.862000,3,0.001753703,-0.13708038786026389,g
1787756910918,2026-08-26T17:08:30.918000,0,-0.000076342,0.10717514828942361,g
1787756910962,2026-08-26T17:08:30.962000,3,0.001753711,-0.14104687616745723,g
1787756911018,2026-08-26T17:08:31.018000,0,-0.000076349,0.1394835701322344,g
1787756911062,2026-08-26T17:08:31.062000,3,0.001753692,-0.1317917367839377,g
1787756911119,2026-08-26T17:08:31.119000,0,-0.000076325,0.019478028407698876,g
1787756911163,2026-08-26T17:08:31.163000,3,0.001753673,-0.12297716058508852,g
1787756911219,2026-08-26T17:08:31.219000,0,-0.000076367,0.22718069001389196,g
1787756911263,2026-08-26T17:08:31.263000,3,0.001753693,-0.13267333636829762,g
1787756911319,2026-08-26T17:08:31.319000,0,-0.000076308,-0.0636050186505377,g
1787756911363,2026-08-26T17:08:31.363000,3,0.001753703,-0.13708038786026389,g
1787756911419,2026-08-26T17:08:31.419000,0,-0.000076295,-0.1282218623361593,g
1787756911463,2026-08-26T17:08:31.463000,3,0.001753702,-0.1366393514605743,g
1787756911520,2026-08-26T17:08:31.520000,0,-0.000076356,0.17641102083799887,g
1787756911563,2026-08-26T17:08:31.563000,3,0.001753706,-0.13840255062939674,g
1787756911620,2026-08-26T17:08:31.620000,0,-0.000076324,0.01486395558434506,g
1787756911664,2026-08-26T17:08:31.664000,3,0.001753673,-0.12297716058508852,g
1787756911720,2026-08-26T17:08:31.720000,0,-0.000076322,0.005630853898037555,g
1787756911764,2026-08-26T17:08:31.764000,3,0.001753687,-0.12958797443044495,g
1787756911820,2026-08-26T17:08:31.820000,0,-0.000076325,0.019478028407698876,g
1787756911864,2026-08-26T17:08:31.864000,3,0.001753704,-0.13752095104493423,g
1787756911920,2026-08-26T17:08:31.920000,0,-0.000076329,0.042558304603802034,g
1787756911964,2026-08-26T17:08:31.964000,3,0.001753693,-0.13223229996860802,g
1787756912021,2026-08-26T17:08:32.021000,0,-0.000076347,0.1302554244854596,g
1787756912065,2026-08-26T17:08:32.065000,3,0.001753703,-0.13708038786026389,g
1787756912121,2026-08-26T17:08:32.121000,0,-0.000076333,0.06101955193688433,g
1787756912165,2026-08-26T17:08:32.165000,3,0.001753702,-0.1366393514605743,g
1787756912221,2026-08-26T17:08:32.221000,0,-0.000076339,0.08871390095627414,g
1787756912265,2026-08-26T17:08:32.265000,3,0.001753707,-0.1392836769987374,g
1787756912321,2026-08-26T17:08:32.321000,0,-0.000076312,-0.04514377131745541,g
1787756912365,2026-08-26T17:08:32.365000,3,0.001753703,-0.13708038786026389,g
1787756912422,2026-08-26T17:08:32.422000,0,-0.000076342,0.10717514828942361,g
1787756912466,2026-08-26T17:08:32.466000,3,0.001753710,-0.14060583976776764,g
1787756912522,2026-08-26T17:08:32.522000,0,-0.000076326,0.024092101231119857,g
1787756912566,2026-08-26T17:08:32.566000,3,0.001753724,-0.14721665361322667,g
1787756912622,2026-08-26T17:08:32.622000,0,-0.000076354,0.1625638463282704,g
1787756912666,2026-08-26T17:08:32.666000,3,0.001753714,-0.14236903893659006,g
1787756912723,2026-08-26T17:08:32.723000,0,-0.000076372,0.2548750390332818,g
1787756912766,2026-08-26T17:08:32.766000,3,0.001753691,-0.13135117359926737,g
1787756912823,2026-08-26T17:08:32.823000,0,-0.000076329,0.042558304603802034,g
1787756912867,2026-08-26T17:08:32.867000,3,0.001753696,-0.13399502592241122,g
1787756912923,2026-08-26T17:08:32.923000,0,-0.000076320,-0.003602247788337116,g
1787756912967,2026-08-26T17:08:32.967000,3,0.001753695,-0.13355446273774088,g
1787756913023,2026-08-26T17:08:33.023000,0,-0.000076337,0.07948079926996664,g
1787756913067,2026-08-26T17:08:33.067000,3,0.001753686,-0.1291474112457746,g
1787756913123,2026-08-26T17:08:33.123000,0,-0.000076351,0.1487166718185419,g
1787756913167,2026-08-26T17:08:33.167000,3,0.001753675,-0.12385876016944843,g
1787756913224,2026-08-26T17:08:33.224000,0,-0.000076327,0.03332520291742736,g
1787756913267,2026-08-26T17:08:33.267000,3,0.001753678,-0.12518092293858127,g
1787756913324,2026-08-26T17:08:33.324000,0,-0.000076336,0.07486672644661282,g
1787756913368,2026-08-26T17:08:33.368000,3,0.001753684,-0.1282658116614147,g
1787756913424,2026-08-26T17:08:33.424000,0,-0.000076341,0.10256107546600263,g
1787756913468,2026-08-26T17:08:33.468000,3,0.001753715,-0.1428096021212604,g
1787756913524,2026-08-26T17:08:33.524000,0,-0.000076344,0.11640824997573111,g
1787756913568,2026-08-26T17:08:33.568000,3,0.001753693,-0.13267333636829762,g
1787756913625,2026-08-26T17:08:33.625000,0,-0.000076363,0.20871944268080966,g
1787756913668,2026-08-26T17:08:33.668000,3,0.001753678,-0.12518092293858127,g
1787756913725,2026-08-26T17:08:33.725000,0,-0.000076370,0.24564689338650697,g
1787756913769,2026-08-26T17:08:33.769000,3,0.001753692,-0.1317917367839377,g
1787756913825,2026-08-26T17:08:33.825000,0,-0.000076319,-0.008216320611690931,g
1787756913869,2026-08-26T17:08:33.869000,3,0.001753707,-0.1392836769987374,g
1787756913925,2026-08-26T17:08:33.925000,0,-0.000076314,-0.03129659680772692,g
1787756913969,2026-08-26T17:08:33.969000,3,0.001753704,-0.13752095104493423,g
1787756914026,2026-08-26T17:08:34.026000,0,-0.000076353,0.1579497735048494,g
1787756914070,2026-08-26T17:08:34.070000,3,0.001753698,-0.13487662550677113,g
1787756914126,2026-08-26T17:08:34.126000,0,-0.000076350,0.14410259899512093,g
1787756914170,2026-08-26T17:08:34.170000,3,0.001753684,-0.1282658116614147,g
1787756914226,2026-08-26T17:08:34.226000,0,-0.000076334,0.06563362476023815,g
1787756914270,2026-08-26T17:08:34.270000,3,0.001753679,-0.1256214861232516,g
1787756914326,2026-08-26T17:08:34.326000,0,-0.000076348,0.13486949730881342,g
1787756914370,2026-08-26T17:08:34.370000,3,0.001753709,-0.1401652765830973,g
1787756914427,2026-08-26T17:08:34.427000,0,-0.000076334,0.06563362476023815,g
1787756914470,2026-08-26T17:08:34.470000,3,0.001753698,-0.13487662550677113,g
1787756914527,2026-08-26T17:08:34.527000,0,-0.000076314,-0.03129659680772692,g
1787756914571,2026-08-26T17:08:34.571000,3,0.001753679,-0.1260625225229412,g
1787756914628,2026-08-26T17:08:34.628000,0,-0.000076320,-0.003602247788337116,g
1787756914671,2026-08-26T17:08:34.671000,3,0.001753662,-0.11768898272378159,g
1787756914730,2026-08-26T17:08:34.730000,0,-0.000076325,0.019478028407698876,g
1787756914771,2026-08-26T17:08:34.771000,3,0.001753685,-0.12870684806110427,g
1787756914830,2026-08-26T17:08:34.830000,0,-0.000076317,-0.017449422297998434,g
1787756914871,2026-08-26T17:08:34.871000,3,0.001753724,-0.14721665361322667,g
1787756914932,2026-08-26T17:08:34.932000,0,-0.000076335,0.07025265362319184,g
1787756914972,2026-08-26T17:08:34.972000,3,0.001753662,-0.11768898272378159,g
1787756915032,2026-08-26T17:08:35.032000,0,-0.000076339,0.08871390095627414,g
1787756915074,2026-08-26T17:08:35.074000,3,0.001753694,-0.13311389955307054,g
1787756915135,2026-08-26T17:08:35.135000,0,-0.000076336,0.07486672644661282,g
1787756915174,2026-08-26T17:08:35.174000,3,0.001753654,-0.11416305760125858,g
1787756915235,2026-08-26T17:08:35.235000,0,-0.000076339,0.08871390095627414,g
1787756915276,2026-08-26T17:08:35.276000,3,0.001753697,-0.13443606232210079,g
1787756915335,2026-08-26T17:08:35.335000,0,-0.000076368,0.23179971887684564,g
1787756915377,2026-08-26T17:08:35.377000,3,0.001753683,-0.12782524847674437,g
1787756915436,2026-08-26T17:08:35.436000,0,-0.000076358,0.18564412252430637,g
1787756915478,2026-08-26T17:08:35.478000,3,0.001753657,-0.11548522037028883,g
1787756915536,2026-08-26T17:08:35.536000,0,-0.000076316,-0.02206349512141942,g
1787756915578,2026-08-26T17:08:35.578000,3,0.001753676,-0.12429932335411875,g
1787756915636,2026-08-26T17:08:35.636000,0,-0.000076299,-0.10976061500307699,g
1787756915678,2026-08-26T17:08:35.678000,3,0.001753706,-0.13884311381406705,g
1787756915736,2026-08-26T17:08:35.736000,0,-0.000076339,0.08871390095627414,g
1787756915778,2026-08-26T17:08:35.778000,3,0.001753675,-0.12385876016944843,g
1787756915837,2026-08-26T17:08:35.837000,0,-0.000076300,-0.10052751331676948,g
1787756915879,2026-08-26T17:08:35.879000,3,0.001753672,-0.12253659740041818,g
1787756915937,2026-08-26T17:08:35.937000,0,-0.000076355,0.1717969480145779,g
1787756915979,2026-08-26T17:08:35.979000,3,0.001753652,-0.11284089483212573,g
1787756916037,2026-08-26T17:08:36.037000,0,-0.000076356,0.17641102083799887,g
1787756916079,2026-08-26T17:08:36.079000,3,0.001753606,-0.09124572734215067,g
1787756916137,2026-08-26T17:08:36.137000,0,-0.000076314,-0.03129659680772692,g
1787756916179,2026-08-26T17:08:36.179000,3,0.001753671,-0.12209603421574786,g
1787756916238,2026-08-26T17:08:36.238000,0,-0.000076348,0.13486949730881342,g
1787756916280,2026-08-26T17:08:36.280000,3,0.001753718,-0.14413176489039325,g
1787756916338,2026-08-26T17:08:36.338000,0,-0.000076336,0.07486672644661282,g
1787756916380,2026-08-26T17:08:36.380000,3,0.001753659,-0.11636681995464873,g
1787756916438,2026-08-26T17:08:36.438000,0,-0.000076373,0.25949406789623547,g
1787756916480,2026-08-26T17:08:36.480000,3,0.001753695,-0.13355446273774088,g
1787756916538,2026-08-26T17:08:36.538000,0,-0.000076363,0.20871944268080966,g
1787756916580,2026-08-26T17:08:36.580000,3,0.001753679,-0.1260625225229412,g
1787756916639,2026-08-26T17:08:36.639000,0,-0.000076317,-0.017449422297998434,g
1787756916681,2026-08-26T17:08:36.681000,3,0.001753670,-0.12165499781595566,g
1787756916739,2026-08-26T17:08:36.739000,0,-0.000076329,0.042558304603802034,g
1787756916781,2026-08-26T17:08:36.781000,3,0.001753651,-0.1124003316474554,g
1787756916839,2026-08-26T17:08:36.839000,0,-0.000076341,0.09794204660304894,g
1787756916881,2026-08-26T17:08:36.881000,3,0.001753692,-0.1317917367839377,g
1787756916939,2026-08-26T17:08:36.939000,0,-0.000076333,0.06101955193688433,g
1787756916982,2026-08-26T17:08:36.982000,3,0.001753656,-0.1150446571856185,g
1787756917039,2026-08-26T17:08:37.039000,0,-0.000076338,0.08409487209338762,g
1787756917082,2026-08-26T17:08:37.082000,3,0.001753691,-0.13135117359926737,g
1787756917140,2026-08-26T17:08:37.140000,0,-0.000076311,-0.04975784414080922,g
1787756917182,2026-08-26T17:08:37.182000,3,0.001753668,-0.12077387144661501,g
1787756917240,2026-08-26T17:08:37.240000,0,-0.000076339,0.08871390095627414,g
1787756917282,2026-08-26T17:08:37.282000,3,0.001753664,-0.11857010909312224,g
1787756917340,2026-08-26T17:08:37.340000,0,-0.000076355,0.1717969480145779,g
1787756917383,2026-08-26T17:08:37.383000,3,0.001753710,-0.14060583976776764,g
1787756917440,2026-08-26T17:08:37.440000,0,-0.000076336,0.07486672644661282,g
1787756917483,2026-08-26T17:08:37.483000,3,0.001753652,-0.11284089483212573,g
1787756917541,2026-08-26T17:08:37.541000,0,-0.000076342,0.10717514828942361,g
1787756917583,2026-08-26T17:08:37.583000,3,0.001753684,-0.1282658116614147,g
1787756917641,2026-08-26T17:08:37.641000,0,-0.000076344,0.11640824997573111,g
1787756917683,2026-08-26T17:08:37.683000,3,0.001753669,-0.12121443463128534,g
1787756917741,2026-08-26T17:08:37.741000,0,-0.000076341,0.10256107546600263,g
1787756917784,2026-08-26T17:08:37.784000,3,0.001753707,-0.1392836769987374,g
1787756917841,2026-08-26T17:08:37.841000,0,-0.000076306,-0.07283316429731251,g
1787756917884,2026-08-26T17:08:37.884000,3,0.001753673,-0.12297716058508852,g
1787756917942,2026-08-26T17:08:37.942000,0,-0.000076340,0.09332797377969512,g
1787756917984,2026-08-26T17:08:37.984000,3,0.001753667,-0.12033283504692542,g
1787756918042,2026-08-26T17:08:38.042000,0,-0.000076341,0.09794204660304894,g
1787756918084,2026-08-26T17:08:38.084000,3,0.001753676,-0.12429932335411875,g
1787756918142,2026-08-26T17:08:38.142000,0,-0.000076309,-0.058990945827183894,g
1787756918185,2026-08-26T17:08:38.185000,3,0.001753680,-0.1265030857076115,g
1787756918242,2026-08-26T17:08:38.242000,0,-0.000076354,0.1625638463282704,g
1787756918285,2026-08-26T17:08:38.285000,3,0.001753659,-0.11636681995464873,g
1787756918343,2026-08-26T17:08:38.343000,0,-0.000076324,0.01486395558434506,g
1787756918385,2026-08-26T17:08:38.385000,3,0.001753695,-0.13355446273774088,g
1787756918443,2026-08-26T17:08:38.443000,0,-0.000076324,0.01486395558434506,g
1787756918485,2026-08-26T17:08:38.485000,3,0.001753628,-0.10182302949480304,g
1787756918543,2026-08-26T17:08:38.543000,0,-0.000076339,0.08871390095627414,g
1787756918586,2026-08-26T17:08:38.586000,3,0.001753686,-0.1291474112457746,g
1787756918643,2026-08-26T17:08:38.643000,0,-0.000076338,0.08409487209338762,g
1787756918686,2026-08-26T17:08:38.686000,3,0.001753672,-0.12253659740041818,g
1787756918743,2026-08-26T17:08:38.743000,0,-0.000076356,0.17641102083799887,g
1787756918786,2026-08-26T17:08:38.786000,3,0.001753684,-0.1282658116614147,g
1787756918844,2026-08-26T17:08:38.844000,0,-0.000076333,0.06101955193688433,g
1787756918886,2026-08-26T17:08:38.886000,3,0.001753670,-0.12165499781595566,g
1787756918944,2026-08-26T17:08:38.944000,0,-0.000076318,-0.012830393435111912,g
1787756918987,2026-08-26T17:08:38.987000,3,0.001753666,-0.11945170867758477,g
1787756919044,2026-08-26T17:08:39.044000,0,-0.000076340,0.09332797377969512,g
1787756919087,2026-08-26T17:08:39.087000,3,0.001753684,-0.1282658116614147,g
1787756919144,2026-08-26T17:08:39.144000,0,-0.000076341,0.10256107546600263,g
1787756919187,2026-08-26T17:08:39.187000,3,0.001753686,-0.1291474112457746,g
1787756919245,2026-08-26T17:08:39.245000,0,-0.000076318,-0.012830393435111912,g
1787756919288,2026-08-26T17:08:39.288000,3,0.001753672,-0.12253659740041818,g
1787756919345,2026-08-26T17:08:39.345000,0,-0.000076336,0.07486672644661282,g
1787756919388,2026-08-26T17:08:39.388000,3,0.001753683,-0.12782524847674437,g
1787756919445,2026-08-26T17:08:39.445000,0,-0.000076346,0.12563639562250592,g
1787756919488,2026-08-26T17:08:39.488000,3,0.001753636,-0.10534895461732605,g
1787756919545,2026-08-26T17:08:39.545000,0,-0.000076318,-0.012830393435111912,g
1787756919589,2026-08-26T17:08:39.589000,3,0.001753608,-0.0921273269266132,g
1787756919646,2026-08-26T17:08:39.646000,0,-0.000076339,0.08871390095627414,g
1787756919689,2026-08-26T17:08:39.689000,3,0.001753667,-0.12033283504692542,g
1787756919746,2026-08-26T17:08:39.746000,0,-0.000076346,0.12563639562250592,g
1787756919789,2026-08-26T17:08:39.789000,3,0.001753666,-0.1198922718622551,g
1787756919846,2026-08-26T17:08:39.846000,0,-0.000076318,-0.012830393435111912,g
1787756919889,2026-08-26T17:08:39.889000,3,0.001753747,-0.15779395576587904,g
1787756919946,2026-08-26T17:08:39.946000,0,-0.000076329,0.042558304603802034,g
1787756919990,2026-08-26T17:08:39.990000,3,0.001753645,-0.10975600610929231,g
1787756920047,2026-08-26T17:08:40.047000,0,-0.000076335,0.07025265362319184,g
1787756920094,2026-08-26T17:08:40.094000,3,0.001753669,-0.12121443463128534,g
1787756920147,2026-08-26T17:08:40.147000,0,-0.000076348,0.13486949730881342,g
1787756920194,2026-08-26T17:08:40.194000,3,0.001753654,-0.11416305760125858,g
1787756920247,2026-08-26T17:08:40.247000,0,-0.000076344,0.11640824997573111,g
1787756920295,2026-08-26T17:08:40.295000,3,0.001753667,-0.12033283504692542,g
1787756920347,2026-08-26T17:08:40.347000,0,-0.000076358,0.18564412252430637,g
1787756920395,2026-08-26T17:08:40.395000,3,0.001753639,-0.10711168057112921,g
1787756920447,2026-08-26T17:08:40.447000,0,-0.000076314,-0.035910669631147904,g
1787756920495,2026-08-26T17:08:40.495000,3,0.001753694,-0.13311389955307054,g
1787756920548,2026-08-26T17:08:40.548000,0,-0.000076317,-0.017449422297998434,g
1787756920595,2026-08-26T17:08:40.595000,3,0.001753679,-0.1256214861232516,g
1787756920648,2026-08-26T17:08:40.648000,0,-0.000076348,0.13486949730881342,g
1787756920696,2026-08-26T17:08:40.696000,3,0.001753681,-0.12694364889228185,g
1787756920748,2026-08-26T17:08:40.748000,0,-0.000076355,0.1717969480145779,g
1787756920796,2026-08-26T17:08:40.796000,3,0.001753668,-0.12077387144661501,g
1787756920848,2026-08-26T17:08:40.848000,0,-0.000076340,0.09332797377969512,g
1787756920896,2026-08-26T17:08:40.896000,3,0.001753644,-0.10931496970960274,g
1787756920949,2026-08-26T17:08:40.949000,0,-0.000076331,0.05178645025057683,g
1787756920996,2026-08-26T17:08:40.996000,3,0.001753672,-0.12253659740041818,g
1787756921049,2026-08-26T17:08:41.049000,0,-0.000076323,0.01024492672139137,g
1787756921097,2026-08-26T17:08:41.097000,3,0.001753664,-0.11857010909312224,g
1787756921149,2026-08-26T17:08:41.149000,0,-0.000076361,0.19949129703403487,g
1787756921197,2026-08-26T17:08:41.197000,3,0.001753177,0.11148337343664337,g
1787756921249,2026-08-26T17:08:41.249000,0,-0.000076372,0.2548750390332818,g
1787756921297,2026-08-26T17:08:41.297000,3,0.001753502,-0.041885614916533705,g
1787756921350,2026-08-26T17:08:41.350000,0,-0.000076375,0.26872221354301024,g
1787756921398,2026-08-26T17:08:41.398000,3,0.001753605,-0.09080516415748034,g
1787756921450,2026-08-26T17:08:41.450000,0,-0.000076354,0.1625638463282704,g
1787756921498,2026-08-26T17:08:41.498000,3,0.001753951,-0.2547514546633098,g
1787756921551,2026-08-26T17:08:41.551000,0,-0.000076315,-0.02667756794477323,g
1787756921598,2026-08-26T17:08:41.598000,3,0.001753741,-0.15514963022771594,g
1787756921651,2026-08-26T17:08:41.651000,0,-0.000076328,0.03793927574084834,g
1787756921698,2026-08-26T17:08:41.698000,3,0.001753686,-0.1291474112457746,g
1787756921751,2026-08-26T17:08:41.751000,0,-0.000076324,0.01486395558434506,g
1787756921799,2026-08-26T17:08:41.799000,3,0.001753706,-0.13884311381406705,g
1787756921852,2026-08-26T17:08:41.852000,0,-0.000076316,-0.02206349512141942,g
1787756921899,2026-08-26T17:08:41.899000,3,0.001753654,-0.11416305760125858,g
1787756921952,2026-08-26T17:08:41.952000,0,-0.000076316,-0.02206349512141942,g
1787756921999,2026-08-26T17:08:41.999000,3,0.001753636,-0.10534895461732605,g
1787756922052,2026-08-26T17:08:42.052000,0,-0.000076367,0.22718069001389196,g
1787756922099,2026-08-26T17:08:42.099000,3,0.001753702,-0.1366393514605743,g
1787756922152,2026-08-26T17:08:42.152000,0,-0.000076334,0.06563362476023815,g
1787756922200,2026-08-26T17:08:42.200000,3,0.001753754,-0.1613194076733828,g
1787756922253,2026-08-26T17:08:42.253000,0,-0.000076324,0.01486395558434506,g
1787756922300,2026-08-26T17:08:42.300000,3,0.001753625,-0.1005008667257728,g
1787756922353,2026-08-26T17:08:42.353000,0,-0.000076342,0.10717514828942361,g
1787756922400,2026-08-26T17:08:42.400000,3,0.001753622,-0.09873814077196962,g
1787756922453,2026-08-26T17:08:42.453000,0,-0.000076317,-0.017449422297998434,g
1787756922500,2026-08-26T17:08:42.500000,3,0.001753708,-0.139724713398427,g
1787756922553,2026-08-26T17:08:42.553000,0,-0.000076363,0.20871944268080966,g
1787756922601,2026-08-26T17:08:42.601000,3,0.001753695,-0.13355446273774088,g
1787756922653,2026-08-26T17:08:42.653000,0,-0.000076306,-0.07283316429731251,g
1787756922701,2026-08-26T17:08:42.701000,3,0.001753697,-0.13443606232210079,g
1787756922754,2026-08-26T17:08:42.754000,0,-0.000076353,0.1579497735048494,g
1787756922801,2026-08-26T17:08:42.801000,3,0.001753609,-0.09256789011128352,g
1787756922854,2026-08-26T17:08:42.854000,0,-0.000076320,-0.003602247788337116,g
1787756922902,2026-08-26T17:08:42.902000,3,0.001753685,-0.12870684806110427,g
1787756922954,2026-08-26T17:08:42.954000,0,-0.000076331,0.05178645025057683,g
1787756923002,2026-08-26T17:08:43.002000,3,0.001753656,-0.1150446571856185,g
1787756923054,2026-08-26T17:08:43.054000,0,-0.000076350,0.14410259899512093,g
1787756923102,2026-08-26T17:08:43.102000,3,0.001753687,-0.12958797443044495,g
1787756923155,2026-08-26T17:08:43.155000,0,-0.000076341,0.09794204660304894,g
1787756923202,2026-08-26T17:08:43.202000,3,0.001753654,-0.11416305760125858,g
1787756923255,2026-08-26T17:08:43.255000,0,-0.000076378,0.28256938805273873,g
1787756923303,2026-08-26T17:08:43.303000,3,0.001753689,-0.13046957401490747,g
1787756923355,2026-08-26T17:08:43.355000,0,-0.000076326,0.024092101231119857,g
1787756923403,2026-08-26T17:08:43.403000,3,0.001753644,-0.10931496970960274,g
1787756923455,2026-08-26T17:08:43.455000,0,-0.000076324,0.01486395558434506,g
1787756923503,2026-08-26T17:08:43.503000,3,0.001753690,-0.13091013719957778,g
1787756923556,2026-08-26T17:08:43.556000,0,-0.000076340,0.09332797377969512,g
1787756923603,2026-08-26T17:08:43.603000,3,0.001753675,-0.12385876016944843,g
1787756923656,2026-08-26T17:08:43.656000,0,-0.000076327,0.028711130094073545,g
1787756923704,2026-08-26T17:08:43.704000,3,0.001753671,-0.12209603421574786,g
1787756923756,2026-08-26T17:08:43.756000,0,-0.000076354,0.1625638463282704,g
1787756923804,2026-08-26T17:08:43.804000,3,0.001753651,-0.1124003316474554,g
1787756923856,2026-08-26T17:08:43.856000,0,-0.000076349,0.1394835701322344,g
1787756923904,2026-08-26T17:08:43.904000,3,0.001753707,-0.1392836769987374,g
1787756923957,2026-08-26T17:08:43.957000,0,-0.000076350,0.14410259899512093,g
1787756924004,2026-08-26T17:08:44.004000,3,0.001753689,-0.13046957401490747,g
1787756924057,2026-08-26T17:08:44.057000,0,-0.000076352,0.15333074464189572,g
1787756924105,2026-08-26T17:08:44.105000,3,0.001753666,-0.11945170867758477,g
1787756924157,2026-08-26T17:08:44.157000,0,-0.000076333,0.06101955193688433,g
1787756924205,2026-08-26T17:08:44.205000,3,0.001753647,-0.11063713247863297,g
1787756924257,2026-08-26T17:08:44.257000,0,-0.000076355,0.1717969480145779,g
1787756924305,2026-08-26T17:08:44.305000,3,0.001753645,-0.10975600610929231,g
1787756924358,2026-08-26T17:08:44.358000,0,-0.000076331,0.05178645025057683,g
1787756924405,2026-08-26T17:08:44.405000,3,0.001753703,-0.13708038786026389,g
1787756924458,2026-08-26T17:08:44.458000,0,-0.000076355,0.1717969480145779,g
1787756924507,2026-08-26T17:08:44.507000,3,0.001753647,-0.11063713247863297,g
1787756924558,2026-08-26T17:08:44.558000,0,-0.000076372,0.2548750390332818,g
1787756924607,2026-08-26T17:08:44.607000,3,0.001753717,-0.1436912017056203,g
1787756924658,2026-08-26T17:08:44.658000,0,-0.000076345,0.12102232279908492,g
1787756924707,2026-08-26T17:08:44.707000,3,0.001753645,-0.10975600610929231,g
1787756924759,2026-08-26T17:08:44.759000,0,-0.000076326,0.024092101231119857,g
1787756924808,2026-08-26T17:08:44.808000,3,0.001753690,-0.13091013719957778,g
1787756924859,2026-08-26T17:08:44.859000,0,-0.000076333,0.06101955193688433,g
1787756924908,2026-08-26T17:08:44.908000,3,0.001753657,-0.11548522037028883,g
1787756924960,2026-08-26T17:08:44.960000,0,-0.000076346,0.12563639562250592,g
1787756925008,2026-08-26T17:08:45.008000,3,0.001753705,-0.13796151422960454,g
1787756925060,2026-08-26T17:08:45.060000,0,-0.000076350,0.14410259899512093,g
1787756925109,2026-08-26T17:08:45.109000,3,0.001753595,-0.0859570762658245,g
1787756925161,2026-08-26T17:08:45.161000,0,-0.000076357,0.1810250936613527,g
1787756925209,2026-08-26T17:08:45.209000,3,0.001753689,-0.13046957401490747,g
1787756925261,2026-08-26T17:08:45.261000,0,-0.000076337,0.07948079926996664,g
1787756925309,2026-08-26T17:08:45.309000,3,0.001753639,-0.10711168057112921,g
1787756925361,2026-08-26T17:08:45.361000,0,-0.000076330,0.04717237742715585,g
1787756925410,2026-08-26T17:08:45.410000,3,0.001753703,-0.13708038786026389,g
1787756925461,2026-08-26T17:08:45.461000,0,-0.000076332,0.05640547911346335,g
1787756925510,2026-08-26T17:08:45.510000,3,0.001753646,-0.11019656929396264,g
1787756925562,2026-08-26T17:08:45.562000,0,-0.000076338,0.08409487209338762,g
1787756925610,2026-08-26T17:08:45.610000,3,0.001753653,-0.11372249441648564,g
1787756925662,2026-08-26T17:08:45.662000,0,-0.000076335,0.07025265362319184,g
1787756925710,2026-08-26T17:08:45.710000,3,0.001753652,-0.11328145801679607,g
1787756925762,2026-08-26T17:08:45.762000,0,-0.000076312,-0.04514377131745541,g
1787756925810,2026-08-26T17:08:45.810000,3,0.001753688,-0.13002901083013452,g
1787756925862,2026-08-26T17:08:45.862000,0,-0.000076342,0.10717514828942361,g
1787756925911,2026-08-26T17:08:45.911000,3,0.001753662,-0.11768898272378159,g
1787756925962,2026-08-26T17:08:45.962000,0,-0.000076346,0.12563639562250592,g
1787756926011,2026-08-26T17:08:46.011000,3,0.001753666,-0.11945170867758477,g
1787756926063,2026-08-26T17:08:46.063000,0,-0.000076348,0.13486949730881342,g
1787756926111,2026-08-26T17:08:46.111000,3,0.001753620,-0.09785654118760971,g
1787756926163,2026-08-26T17:08:46.163000,0,-0.000076345,0.12102232279908492,g
1787756926211,2026-08-26T17:08:46.211000,3,0.001753658,-0.11592578355495915,g
1787756926263,2026-08-26T17:08:46.263000,0,-0.000076314,-0.03129659680772692,g
1787756926312,2026-08-26T17:08:46.312000,3,0.001753674,-0.1234181969847781,g
1787756926363,2026-08-26T17:08:46.363000,0,-0.000076341,0.09794204660304894,g
1787756926412,2026-08-26T17:08:46.412000,3,0.001753679,-0.1260625225229412,g
1787756926464,2026-08-26T17:08:46.464000,0,-0.000076388,0.3333440132682317,g
1787756926512,2026-08-26T17:08:46.512000,3,0.001753614,-0.09521221564944661,g
1787756926564,2026-08-26T17:08:46.564000,0,-0.000076343,0.11178922111277742,g
1787756926612,2026-08-26T17:08:46.612000,3,0.001753617,-0.09653437841847685,g
1787756926664,2026-08-26T17:08:46.664000,0,-0.000076338,0.08409487209338762,g
1787756926713,2026-08-26T17:08:46.713000,3,0.001753657,-0.11548522037028883,g
1787756926764,2026-08-26T17:08:46.764000,0,-0.000076353,0.1579497735048494,g
1787756926813,2026-08-26T17:08:46.813000,3,0.001753665,-0.11901114549281183,g
1787756926865,2026-08-26T17:08:46.865000,0,-0.000076329,0.042558304603802034,g
1787756926913,2026-08-26T17:08:46.913000,3,0.001753676,-0.12429932335411875,g
1787756926965,2026-08-26T17:08:46.965000,0,-0.000076341,0.09794204660304894,g
1787756927013,2026-08-26T17:08:47.013000,3,0.001753662,-0.11768898272378159,g
1787756927065,2026-08-26T17:08:47.065000,0,-0.000086813,52.00117145708661,g
1787756927114,2026-08-26T17:08:47.114000,3,0.001753713,-0.1419280025369005,g
1787756927165,2026-08-26T17:08:47.165000,0,-0.000091102,73.25633652751935,g
1787756927214,2026-08-26T17:08:47.214000,3,0.001753855,-0.20935783054498877,g
1787756927266,2026-08-26T17:08:47.266000,0,-0.000094411,89.65581689034059,g
1787756927314,2026-08-26T17:08:47.314000,3,0.001754141,-0.34465757653071377,g
1787756927366,2026-08-26T17:08:47.366000,0,-0.000096578,100.39648633606613,g
1787756927414,2026-08-26T17:08:47.414000,3,0.001753402,0.005270735155590492,g
1787756927466,2026-08-26T17:08:47.466000,0,-0.000097444,104.68906087368181,g
1787756927514,2026-08-26T17:08:47.514000,3,0.001753502,-0.041885614916533705,g
1787756927566,2026-08-26T17:08:47.566000,0,-0.000096090,97.97787460592696,g
1787756927615,2026-08-26T17:08:47.615000,3,0.001753827,-0.19569563966950299,g
1787756927667,2026-08-26T17:08:47.667000,0,-0.000096461,99.81490996269768,g
1787756927715,2026-08-26T17:08:47.715000,3,0.001753676,-0.12429932335411875,g
1787756927767,2026-08-26T17:08:47.767000,0,-0.000096754,101.26884841809895,g
1787756927815,2026-08-26T17:08:47.815000,3,0.001753625,-0.10006030354099986,g
1787756927867,2026-08-26T17:08:47.867000,0,-0.000096361,99.32103566525055,g
1787756927915,2026-08-26T17:08:47.915000,3,0.001753720,-0.14501336447475316,g
1787756927967,2026-08-26T17:08:47.967000,0,-0.000096461,99.81490996269768,g
1787756928016,2026-08-26T17:08:48.016000,3,0.001753625,-0.1005008667257728,g
1787756928068,2026-08-26T17:08:48.068000,0,-0.000096642,100.71496639374996,g
1787756928116,2026-08-26T17:08:48.116000,3,0.001753621,-0.09829710437228004,g
1787756928170,2026-08-26T17:08:48.170000,0,-0.000096453,99.77798746803151,g
1787756928216,2026-08-26T17:08:48.216000,3,0.001753623,-0.09917870395663994,g
1787756928270,2026-08-26T17:08:48.270000,0,-0.000096499,100.00415633301031,g
1787756928318,2026-08-26T17:08:48.318000,3,0.001753663,-0.11812954590845191,g
1787756928370,2026-08-26T17:08:48.370000,0,-0.000096569,100.3503307397136,g
1787756928418,2026-08-26T17:08:48.418000,3,0.001753664,-0.11857010909312224,g
1787756928471,2026-08-26T17:08:48.471000,0,-0.000096513,100.0733872495193,g
1787756928518,2026-08-26T17:08:48.518000,3,0.001753656,-0.1150446571856185,g
1787756928571,2026-08-26T17:08:48.571000,0,-0.000096541,100.21185899461645,g
1787756928618,2026-08-26T17:08:48.618000,3,0.001753659,-0.11636681995464873,g
1787756928671,2026-08-26T17:08:48.671000,0,-0.000096496,99.9903091585006,g
1787756928719,2026-08-26T17:08:48.719000,3,0.001753683,-0.12782524847674437,g
1787756928771,2026-08-26T17:08:48.771000,0,-0.000096531,100.16108932544056,g
1787756928819,2026-08-26T17:08:48.819000,3,0.001753672,-0.12253659740041818,g
1787756928872,2026-08-26T17:08:48.872000,0,-0.000096511,100.06415910387253,g
1787756928919,2026-08-26T17:08:48.919000,3,0.001753705,-0.13796151422960454,g
1787756928972,2026-08-26T17:08:48.972000,0,-0.000096501,100.0133844786571,g
1787756929019,2026-08-26T17:08:49.019000,3,0.001753666,-0.11945170867758477,g
1787756929072,2026-08-26T17:08:49.072000,0,-0.000096546,100.2395533436359,g
1787756929120,2026-08-26T17:08:49.120000,3,0.001753656,-0.1150446571856185,g
1787756929172,2026-08-26T17:08:49.172000,0,-0.000096504,100.02723165316682,g
1787756929220,2026-08-26T17:08:49.220000,3,0.001753649,-0.1115187320630955,g
1787756929273,2026-08-26T17:08:49.273000,0,-0.000096515,100.08262035120568,g
1787756929320,2026-08-26T17:08:49.320000,3,0.001753661,-0.11724794632409201,g
1787756929373,2026-08-26T17:08:49.373000,0,-0.000096514,100.07800627838225,g
1787756929420,2026-08-26T17:08:49.420000,3,0.001753641,-0.10799280694046988,g
1787756929473,2026-08-26T17:08:49.473000,0,-0.000096534,100.17955057277364,g
1787756929520,2026-08-26T17:08:49.520000,3,0.001753632,-0.10358575544860622,g
1787756929573,2026-08-26T17:08:49.573000,0,-0.000096495,99.98569012963763,g
1787756929621,2026-08-26T17:08:49.621000,3,0.001753638,-0.10623008098676931,g
1787756929673,2026-08-26T17:08:49.673000,0,-0.000096516,100.08723442402902,g
1787756929721,2026-08-26T17:08:49.721000,3,0.001753679,-0.1260625225229412,g
1787756929774,2026-08-26T17:08:49.774000,0,-0.000096533,100.17493649995028,g
1787756929821,2026-08-26T17:08:49.821000,3,0.001753644,-0.10931496970960274,g
1787756929874,2026-08-26T17:08:49.874000,0,-0.000096534,100.17955057277364,g
1787756929921,2026-08-26T17:08:49.921000,3,0.001753598,-0.08727923903495734,g
1787756929974,2026-08-26T17:08:49.974000,0,-0.000096513,100.0733872495193,g
1787756930022,2026-08-26T17:08:50.022000,3,0.001753626,-0.10094142991044312,g
1787756930074,2026-08-26T17:08:50.074000,0,-0.000096583,100.41956661226217,g
1787756930122,2026-08-26T17:08:50.122000,3,0.001753687,-0.12958797443044495,g
1787756930175,2026-08-26T17:08:50.175000,0,-0.000096465,99.83337616607037,g
1787756930222,2026-08-26T17:08:50.222000,3,0.001753471,-0.02734182445668801,g
1787756930275,2026-08-26T17:08:50.275000,0,-0.000096533,100.17031747108733,g
1787756930322,2026-08-26T17:08:50.322000,3,0.001753642,-0.10843384334026207,g
1787756930375,2026-08-26T17:08:50.375000,0,-0.000096519,100.10108159853876,g
1787756930423,2026-08-26T17:08:50.423000,3,0.001753695,-0.13355446273774088,g
1787756930475,2026-08-26T17:08:50.475000,0,-0.000096462,99.81952899156063,g
1787756930523,2026-08-26T17:08:50.523000,3,0.001753698,-0.13487662550677113,g
1787756930576,2026-08-26T17:08:50.576000,0,-0.000096564,100.32725046351756,g
1787756930623,2026-08-26T17:08:50.623000,3,0.001753703,-0.13708038786026389,g
1787756930676,2026-08-26T17:08:50.676000,0,-0.000096606,100.53495808116328,g
1787756930723,2026-08-26T17:08:50.723000,3,0.001753622,-0.09873814077196962,g
1787756930776,2026-08-26T17:08:50.776000,0,-0.000096573,100.36879198704668,g
1787756930823,2026-08-26T17:08:50.823000,3,0.001753545,-0.06259918282214885,g
1787756930876,2026-08-26T17:08:50.876000,0,-0.000096468,99.85183741340344,g
1787756930924,2026-08-26T17:08:50.924000,3,0.001753651,-0.1124003316474554,g
1787756930977,2026-08-26T17:08:50.977000,0,-0.000096599,100.49803063045752,g
1787756931024,2026-08-26T17:08:51.024000,3,0.001753612,-0.0943306160649841,g
1787756931077,2026-08-26T17:08:51.077000,0,-0.000096524,100.12877594755821,g
1787756931124,2026-08-26T17:08:51.124000,3,0.001753681,-0.12694364889228185,g
1787756931177,2026-08-26T17:08:51.177000,0,-0.000096275,98.89639228431231,g
1787756931224,2026-08-26T17:08:51.224000,3,0.001753683,-0.12782524847674437,g
1787756931277,2026-08-26T17:08:51.277000,0,-0.000096602,100.5164918777906,g
1787756931325,2026-08-26T17:08:51.325000,3,0.001753633,-0.1040267918482958,g
1787756931378,2026-08-26T17:08:51.378000,0,-0.000096546,100.2395533436359,g
1787756931425,2026-08-26T17:08:51.425000,3,0.001753624,-0.09961926714131028,g
1787756931478,2026-08-26T17:08:51.478000,0,-0.000096424,99.634901650111,g
1787756931525,2026-08-26T17:08:51.525000,3,0.001753720,-0.1454539276594235,g
1787756931578,2026-08-26T17:08:51.578000,0,-0.000096546,100.23493927081249,g
1787756931625,2026-08-26T17:08:51.625000,3,0.001753638,-0.10667064417143964,g
1787756931678,2026-08-26T17:08:51.678000,0,-0.000096533,100.17493649995028,g
1787756931726,2026-08-26T17:08:51.726000,3,0.001753729,-0.14942041596671943,g
1787756931778,2026-08-26T17:08:51.778000,0,-0.000096514,100.07800627838225,g
1787756931826,2026-08-26T17:08:51.826000,3,0.001753678,-0.12518092293858127,g
1787756931879,2026-08-26T17:08:51.879000,0,-0.000096499,100.00415633301031,g
1787756931926,2026-08-26T17:08:51.926000,3,0.001753655,-0.11460362078592891,g
1787756931979,2026-08-26T17:08:51.979000,0,-0.000096535,100.18416464559705,g
1787756932026,2026-08-26T17:08:52.026000,3,0.001753688,-0.13002901083013452,g
1787756932079,2026-08-26T17:08:52.079000,0,-0.000096531,100.16108932544056,g
1787756932127,2026-08-26T17:08:52.127000,3,0.001753631,-0.10314519226393588,g
1787756932179,2026-08-26T17:08:52.179000,0,-0.000096487,99.94414860610853,g
1787756932227,2026-08-26T17:08:52.227000,3,0.001753608,-0.0921273269266132,g
1787756932280,2026-08-26T17:08:52.280000,0,-0.000096561,100.31340328900784,g
1787756932327,2026-08-26T17:08:52.327000,3,0.001753654,-0.11416305760125858,g
1787756932380,2026-08-26T17:08:52.380000,0,-0.000096530,100.1564702965776,g
1787756932427,2026-08-26T17:08:52.427000,3,0.001753618,-0.09697494160314718,g
1787756932480,2026-08-26T17:08:52.480000,0,-0.000096492,99.96722888230455,g
1787756932528,2026-08-26T17:08:52.528000,3,0.001753634,-0.10446735503296613,g
1787756932580,2026-08-26T17:08:52.580000,0,-0.000096511,100.06415910387253,g
1787756932628,2026-08-26T17:08:52.628000,3,0.001753615,-0.09565277883411695,g
1787756932681,2026-08-26T17:08:52.681000,0,-0.000096489,99.95338170779483,g
1787756932728,2026-08-26T17:08:52.728000,3,0.001753682,-0.12738468529197144,g
1787756932781,2026-08-26T17:08:52.781000,0,-0.000096522,100.11954780191144,g
1787756932828,2026-08-26T17:08:52.828000,3,0.001753652,-0.11328145801679607,g
1787756932881,2026-08-26T17:08:52.881000,0,-0.000096554,100.27648079434167,g
1787756932929,2026-08-26T17:08:52.929000,3,0.001753601,-0.08904243820367716,g
1787756932981,2026-08-26T17:08:52.981000,0,-0.000098211,108.48775615781074,g
1787756933029,2026-08-26T17:08:53.029000,3,0.001753729,-0.14942041596671943,g
1787756933082,2026-08-26T17:08:53.082000,0,-0.000095765,96.36700315809544,g
1787756933129,2026-08-26T17:08:53.129000,3,0.001753896,-0.22874923568147107,g
1787756933185,2026-08-26T17:08:53.185000,0,-0.000076333,0.06101955193688433,g
1787756933229,2026-08-26T17:08:53.229000,3,0.001753473,-0.028223424041047922,g
1787756933285,2026-08-26T17:08:53.285000,0,-0.000076349,0.1394835701322344,g
1787756933330,2026-08-26T17:08:53.330000,3,0.001753687,-0.12958797443044495,g
1787756933386,2026-08-26T17:08:53.386000,0,-0.000076350,0.14410259899512093,g
1787756933430,2026-08-26T17:08:53.430000,3,0.001753613,-0.09477165246467367,g
1787756933487,2026-08-26T17:08:53.487000,0,-0.000076338,0.08409487209338762,g
1787756933530,2026-08-26T17:08:53.530000,3,0.001753658,-0.11592578355495915,g
1787756933587,2026-08-26T17:08:53.587000,0,-0.000076356,0.17641102083799887,g
1787756933630,2026-08-26T17:08:53.630000,3,0.001753635,-0.10490791821763645,g
1787756933687,2026-08-26T17:08:53.687000,0,-0.000076328,0.03793927574084834,g
1787756933731,2026-08-26T17:08:53.731000,3,0.001753635,-0.10490791821763645,g
1787756933788,2026-08-26T17:08:53.788000,0,-0.000076314,-0.035910669631147904,g
1787756933831,2026-08-26T17:08:53.831000,3,0.001753635,-0.10490791821763645,g
1787756933888,2026-08-26T17:08:53.888000,0,-0.000076339,0.08871390095627414,g
1787756933931,2026-08-26T17:08:53.931000,3,0.001753665,-0.11901114549281183,g
1787756933988,2026-08-26T17:08:53.988000,0,-0.000076331,0.05178645025057683,g
1787756934031,2026-08-26T17:08:54.031000,3,0.001753626,-0.10094142991044312,g
1787756934088,2026-08-26T17:08:54.088000,0,-0.000076365,0.21795254436711717,g
1787756934132,2026-08-26T17:08:54.132000,3,0.001753642,-0.10843384334026207,g
1787756934189,2026-08-26T17:08:54.189000,0,-0.000076360,0.19487226817108116,g
1787756934232,2026-08-26T17:08:54.232000,3,0.001753661,-0.11724794632409201,g
1787756934289,2026-08-26T17:08:54.289000,0,-0.000076400,0.3933467841304323,g
1787756934332,2026-08-26T17:08:54.332000,3,0.001527959,106.68847072073117,g
1787756934389,2026-08-26T17:08:54.389000,0,-0.000076503,0.9056872849503163,g
1787756934432,2026-08-26T17:08:54.432000,3,0.001502156,118.89850287510981,g
1787756934490,2026-08-26T17:08:54.490000,0,-0.000076273,-0.23438518559049903,g
1787756934533,2026-08-26T17:08:54.533000,3,0.001535267,103.23017370327905,g
1787756934590,2026-08-26T17:08:54.590000,0,-0.000076343,0.11178922111277742,g
1787756934633,2026-08-26T17:08:54.633000,3,0.001546887,97.7313621574877,g
1787756934690,2026-08-26T17:08:54.690000,0,-0.000076370,0.24564689338650697,g
1787756934733,2026-08-26T17:08:54.733000,3,0.001544460,98.87986779061306,g
1787756934791,2026-08-26T17:08:54.791000,0,-0.000076341,0.10256107546600263,g
1787756934833,2026-08-26T17:08:54.833000,3,0.001538212,101.83618967079462,g
1787756934891,2026-08-26T17:08:54.891000,0,-0.000076312,-0.04514377131745541,g
1787756934934,2026-08-26T17:08:54.934000,3,0.001543095,99.52551668688352,g
1787756934994,2026-08-26T17:08:54.994000,0,-0.000076336,0.07486672644661282,g
1787756935035,2026-08-26T17:08:55.035000,3,0.001544833,98.70314090881611,g
1787756935094,2026-08-26T17:08:55.094000,0,-0.000076350,0.14410259899512093,g
1787756935135,2026-08-26T17:08:55.135000,3,0.001540924,100.55282532808322,g
1787756935195,2026-08-26T17:08:55.195000,0,-0.000076337,0.07948079926996664,g
1787756935235,2026-08-26T17:08:55.235000,3,0.001541371,100.34128165110548,g
1787756935295,2026-08-26T17:08:55.295000,0,-0.000076328,0.03793927574084834,g
1787756935336,2026-08-26T17:08:55.336000,3,0.001543849,99.16897756135177,g
1787756935395,2026-08-26T17:08:55.395000,0,-0.000076351,0.1487166718185419,g
1787756935436,2026-08-26T17:08:55.436000,3,0.001542593,99.7630625828431,g
1787756935496,2026-08-26T17:08:55.496000,0,-0.000076327,0.028711130094073545,g
1787756935536,2026-08-26T17:08:55.536000,3,0.001541225,100.41047373185235,g
1787756935596,2026-08-26T17:08:55.596000,0,-0.000076340,0.09332797377969512,g
1787756935636,2026-08-26T17:08:55.636000,3,0.001542567,99.77540261094946,g
1787756935696,2026-08-26T17:08:55.696000,0,-0.000076314,-0.035910669631147904,g
1787756935737,2026-08-26T17:08:55.737000,3,0.001543010,99.5660622231103,g
1787756935797,2026-08-26T17:08:55.797000,0,-0.000076321,0.0010167810746165731,g
1787756935837,2026-08-26T17:08:55.837000,3,0.001541980,100.05349404313591,g
1787756935897,2026-08-26T17:08:55.897000,0,-0.000076354,0.1625638463282704,g
1787756935937,2026-08-26T17:08:55.937000,3,0.001542708,99.70885438252583,g
1787756935997,2026-08-26T17:08:55.997000,0,-0.000076338,0.08409487209338762,g
1787756936037,2026-08-26T17:08:56.037000,3,0.001542655,99.73397500192331,g
1787756936097,2026-08-26T17:08:56.097000,0,-0.000076343,0.11178922111277742,g
1787756936138,2026-08-26T17:08:56.138000,3,0.001541985,100.05084971759776,g
1787756936198,2026-08-26T17:08:56.198000,0,-0.000076325,0.019478028407698876,g
1787756936238,2026-08-26T17:08:56.238000,3,0.001542535,99.79082752777875,g
1787756936298,2026-08-26T17:08:56.298000,0,-0.000076343,0.11178922111277742,g
1787756936338,2026-08-26T17:08:56.338000,3,0.001542456,99.82828817528268,g
1787756936398,2026-08-26T17:08:56.398000,0,-0.000076372,0.2548750390332818,g
1787756936438,2026-08-26T17:08:56.438000,3,0.001542619,99.75072208152163,g
1787756936498,2026-08-26T17:08:56.498000,0,-0.000076340,0.09332797377969512,g
1787756936538,2026-08-26T17:08:56.538000,3,0.001542449,99.83137353722054,g
1787756936599,2026-08-26T17:08:56.599000,0,-0.000076337,0.07948079926996664,g
1787756936639,2026-08-26T17:08:56.639000,3,0.001542336,99.88470013795344,g
1787756936700,2026-08-26T17:08:56.700000,0,-0.000076320,-0.003602247788337116,g
1787756936739,2026-08-26T17:08:56.739000,3,0.001542334,99.88602230072247,g
1787756936800,2026-08-26T17:08:56.800000,0,-0.000076336,0.07486672644661282,g
1787756936839,2026-08-26T17:08:56.839000,3,0.001542572,99.77319884859607,g
1787756936900,2026-08-26T17:08:56.900000,0,-0.000076343,0.11178922111277742,g
1787756936939,2026-08-26T17:08:56.939000,3,0.001542349,99.87852988729266,g
1787756937001,2026-08-26T17:08:57.001000,0,-0.000076334,0.06563362476023815,g
1787756937040,2026-08-26T17:08:57.040000,3,0.001542194,99.95212949274642,g
1787756937101,2026-08-26T17:08:57.101000,0,-0.000076322,0.005630853898037555,g
1787756937140,2026-08-26T17:08:57.140000,3,0.001542384,99.86222337087901,g
1787756937201,2026-08-26T17:08:57.201000,0,-0.000076324,0.01486395558434506,g
1787756937240,2026-08-26T17:08:57.240000,3,0.001542543,99.78686103947156,g
1787756937301,2026-08-26T17:08:57.301000,0,-0.000076314,-0.035910669631147904,g
1787756937340,2026-08-26T17:08:57.340000,3,0.001542329,99.88822558986095,g
1787756937402,2026-08-26T17:08:57.402000,0,-0.000076339,0.08871390095627414,g
1787756937441,2026-08-26T17:08:57.441000,3,0.001542292,99.90585426904363,g
1787756937502,2026-08-26T17:08:57.502000,0,-0.000076321,0.0010167810746165731,g
1787756937541,2026-08-26T17:08:57.541000,3,0.001542418,99.84591685446536,g
1787756937602,2026-08-26T17:08:57.602000,0,-0.000076328,0.03793927574084834,g
1787756937641,2026-08-26T17:08:57.641000,3,0.001542404,99.85252766831083,g
1787756937703,2026-08-26T17:08:57.703000,0,-0.000076347,0.1302554244854596,g
1787756937741,2026-08-26T17:08:57.741000,3,0.001542307,99.8988028920136,g
1787756937803,2026-08-26T17:08:57.803000,0,-0.000076349,0.1394835701322344,g
1787756937842,2026-08-26T17:08:57.842000,3,0.001542343,99.8816147760155,g
1787756937905,2026-08-26T17:08:57.905000,0,-0.000076312,-0.04514377131745541,g
1787756937945,2026-08-26T17:08:57.945000,3,0.001542390,99.85913848215618,g
1787756938005,2026-08-26T17:08:58.005000,0,-0.000076342,0.10717514828942361,g
1787756938045,2026-08-26T17:08:58.045000,3,0.001542293,99.90541370585896,g
1787756938106,2026-08-26T17:08:58.106000,0,-0.000076325,0.019478028407698876,g
1787756938146,2026-08-26T17:08:58.146000,3,0.001542374,99.86707145877067,g
1787756938206,2026-08-26T17:08:58.206000,0,-0.000076346,0.12563639562250592,g
1787756938246,2026-08-26T17:08:58.246000,3,0.001542402,99.85340926789519,g
1787756938306,2026-08-26T17:08:58.306000,0,-0.000076343,0.11178922111277742,g
1787756938346,2026-08-26T17:08:58.346000,3,0.001542371,99.8683936215398,g
1787756938406,2026-08-26T17:08:58.406000,0,-0.000076356,0.17641102083799887,g
1787756938446,2026-08-26T17:08:58.446000,3,0.001542308,99.89792129242915,g
1787756938507,2026-08-26T17:08:58.507000,0,-0.000076309,-0.058990945827183894,g
1787756938547,2026-08-26T17:08:58.547000,3,0.001542410,99.84988334277266,g
1787756938607,2026-08-26T17:08:58.607000,0,-0.000076337,0.07948079926996664,g
1787756938647,2026-08-26T17:08:58.647000,3,0.001542360,99.87368179940111,g
1787756938707,2026-08-26T17:08:58.707000,0,-0.000076296,-0.12360778951280547,g
1787756938747,2026-08-26T17:08:58.747000,3,0.001542379,99.86442713323251,g
1787756938808,2026-08-26T17:08:58.808000,0,-0.000076354,0.1671779191516242,g
1787756938847,2026-08-26T17:08:58.847000,3,0.001542357,99.87500396217014,g
1787756938908,2026-08-26T17:08:58.908000,0,-0.000076337,0.07948079926996664,g
1787756938948,2026-08-26T17:08:58.948000,3,0.001542322,99.89131047858379,g
1787756939008,2026-08-26T17:08:59.008000,0,-0.000076358,0.18564412252430637,g
1787756939048,2026-08-26T17:08:59.048000,3,0.001542410,99.84988334277266,g
1787756939108,2026-08-26T17:08:59.108000,0,-0.000076327,0.028711130094073545,g
1787756939148,2026-08-26T17:08:59.148000,3,0.001542355,99.8758855617545,g
1787756939209,2026-08-26T17:08:59.209000,0,-0.000076322,0.005630853898037555,g
1787756939248,2026-08-26T17:08:59.248000,3,0.001542396,99.85649415661801,g
1787756939309,2026-08-26T17:08:59.309000,0,-0.000076320,-0.003602247788337116,g
1787756939348,2026-08-26T17:08:59.348000,3,0.001542357,99.87500396217014,g
1787756939409,2026-08-26T17:08:59.409000,0,-0.000076345,0.12102232279908492,g
1787756939449,2026-08-26T17:08:59.449000,3,0.001542142,99.97680954895922,g
1787756939510,2026-08-26T17:08:59.510000,0,-0.000076340,0.09332797377969512,g
1787756939549,2026-08-26T17:08:59.549000,3,0.001542409,99.85032390595732,g
1787756939610,2026-08-26T17:08:59.610000,0,-0.000076341,0.10256107546600263,g
1787756939649,2026-08-26T17:08:59.649000,3,0.001542744,99.69166626652783,g
1787756939710,2026-08-26T17:08:59.710000,0,-0.000076302,-0.09129936766999468,g
1787756939749,2026-08-26T17:08:59.749000,3,0.001542356,99.87544499856983,g
1787756939811,2026-08-26T17:08:59.811000,0,-0.000076340,0.09332797377969512,g
1787756939850,2026-08-26T17:08:59.850000,3,0.001542187,99.95521438146925,g
1787756939911,2026-08-26T17:08:59.911000,0,-0.000076357,0.1810250936613527,g
1787756939950,2026-08-26T17:08:59.950000,3,0.001542345,99.88073364964616,g
1787756940011,2026-08-26T17:09:00.011000,0,-0.000076340,0.09332797377969512,g
1787756940050,2026-08-26T17:09:00.050000,3,0.001542464,99.8243216869754,g
1787756940112,2026-08-26T17:09:00.112000,0,-0.000076354,0.1625638463282704,g
1787756940150,2026-08-26T17:09:00.150000,3,0.001542308,99.89792129242915,g
1787756940212,2026-08-26T17:09:00.212000,0,-0.000076386,0.324110911581857,g
1787756940251,2026-08-26T17:09:00.251000,3,0.001542436,99.8375433146662,g
1787756940312,2026-08-26T17:09:00.312000,0,-0.000076403,0.4071939586401608,g
1787756940351,2026-08-26T17:09:00.351000,3,0.001542412,99.8490017431882,g
1787756940412,2026-08-26T17:09:00.412000,0,-0.000076361,0.19949129703403487,g
1787756940451,2026-08-26T17:09:00.451000,3,0.001542293,99.90541370585896,g
1787756940513,2026-08-26T17:09:00.513000,0,-0.000076332,0.05640547911346335,g
1787756940551,2026-08-26T17:09:00.551000,3,0.001542347,99.8798520500618,g
1787756940613,2026-08-26T17:09:00.613000,0,-0.000076341,0.10256107546600263,g
1787756940651,2026-08-26T17:09:00.651000,3,0.001542391,99.85869791897152,g
1787756940713,2026-08-26T17:09:00.713000,0,-0.000076325,0.019478028407698876,g
1787756940752,2026-08-26T17:09:00.752000,3,0.001542370,99.86883418472448,g
1787756940814,2026-08-26T17:09:00.814000,0,-0.000076363,0.20871944268080966,g
1787756940852,2026-08-26T17:09:00.852000,3,0.001542338,99.88381853836898,g
1787756940914,2026-08-26T17:09:00.914000,0,-0.000076347,0.1302554244854596,g
1787756940952,2026-08-26T17:09:00.952000,3,0.001542338,99.88381853836898,g
1787756941014,2026-08-26T17:09:01.014000,0,-0.000076351,0.1487166718185419,g
1787756941052,2026-08-26T17:09:01.052000,3,0.001542482,99.81594814717623,g
1787756941114,2026-08-26T17:09:01.114000,0,-0.000076320,-0.003602247788337116,g
1787756941153,2026-08-26T17:09:01.153000,3,0.001542365,99.87103794707797,g
1787756941215,2026-08-26T17:09:01.215000,0,-0.000076340,0.09332797377969512,g
1787756941255,2026-08-26T17:09:01.255000,3,0.001542353,99.87676716133896,g
1787756941315,2026-08-26T17:09:01.315000,0,-0.000076345,0.12102232279908492,g
1787756941355,2026-08-26T17:09:01.355000,3,0.001542348,99.87897045047733,g
1787756941415,2026-08-26T17:09:01.415000,0,-0.000076378,0.28256938805273873,g
1787756941455,2026-08-26T17:09:01.455000,3,0.001542384,99.86222337087901,g
1787756941515,2026-08-26T17:09:01.515000,0,-0.000076331,0.05178645025057683,g
1787756941556,2026-08-26T17:09:01.556000,3,0.001542364,99.87147851026263,g
1787756941616,2026-08-26T17:09:01.616000,0,-0.000076341,0.10256107546600263,g
1787756941656,2026-08-26T17:09:01.656000,3,0.001542361,99.87280067303166,g
1787756941716,2026-08-26T17:09:01.716000,0,-0.000076329,0.042558304603802034,g
1787756941756,2026-08-26T17:09:01.756000,3,0.001542366,99.87059691067817,g
1787756941816,2026-08-26T17:09:01.816000,0,-0.000076333,0.06101955193688433,g
1787756941856,2026-08-26T17:09:01.856000,3,0.001542330,99.88778502667628,g
1787756941916,2026-08-26T17:09:01.916000,0,-0.000076365,0.21795254436711717,g
1787756941957,2026-08-26T17:09:01.957000,3,0.001542320,99.89263264135282,g
1787756942017,2026-08-26T17:09:02.017000,0,-0.000076297,-0.1189937166893845,g
1787756942057,2026-08-26T17:09:02.057000,3,0.001542390,99.85913848215618,g
1787756942117,2026-08-26T17:09:02.117000,0,-0.000076344,0.11640824997573111,g
1787756942157,2026-08-26T17:09:02.157000,3,0.001542356,99.87544499856983,g
1787756942221,2026-08-26T17:09:02.221000,0,-0.000076318,-0.012830393435111912,g
1787756942257,2026-08-26T17:09:02.257000,3,0.001542313,99.89571800329077,g
1787756942321,2026-08-26T17:09:02.321000,0,-0.000076323,0.01024492672139137,g
1787756942358,2026-08-26T17:09:02.358000,3,0.001542322,99.89131047858379,g
1787756942421,2026-08-26T17:09:02.421000,0,-0.000076313,-0.040524742454501717,g
1787756942458,2026-08-26T17:09:02.458000,3,0.001542398,99.85561255703365,g
1787756942522,2026-08-26T17:09:02.522000,0,-0.000076358,0.18564412252430637,g
1787756942558,2026-08-26T17:09:02.558000,3,0.001542338,99.88381853836898,g
1787756942622,2026-08-26T17:09:02.622000,0,-0.000076351,0.1487166718185419,g
1787756942659,2026-08-26T17:09:02.659000,3,0.001542362,99.872360109847,g
1787756942722,2026-08-26T17:09:02.722000,0,-0.000076366,0.22256661719047097,g
1787756942759,2026-08-26T17:09:02.759000,3,0.001542303,99.9005656179673,g
1787756942823,2026-08-26T17:09:02.823000,0,-0.000076346,0.12563639562250592,g
1787756942859,2026-08-26T17:09:02.859000,3,0.001542364,99.87147851026263,g
1787756942923,2026-08-26T17:09:02.923000,0,-0.000076340,0.09332797377969512,g
1787756942960,2026-08-26T17:09:02.960000,3,0.001542330,99.88778502667628,g
1787756943023,2026-08-26T17:09:03.023000,0,-0.000076331,0.05178645025057683,g
1787756943060,2026-08-26T17:09:03.060000,3,0.001542373,99.86751202195533,g
1787756943123,2026-08-26T17:09:03.123000,0,-0.000076359,0.1902581953476602,g
1787756943160,2026-08-26T17:09:03.160000,3,0.001542393,99.85781631938715,g
1787756943224,2026-08-26T17:09:03.224000,0,-0.000076363,0.20871944268080966,g
1787756943260,2026-08-26T17:09:03.260000,3,0.001542365,99.87103794707797,g
1787756943324,2026-08-26T17:09:03.324000,0,-0.000076339,0.08871390095627414,g
1787756943361,2026-08-26T17:09:03.361000,3,0.001542339,99.88337797518432,g
1787756943424,2026-08-26T17:09:03.424000,0,-0.000076326,0.024092101231119857,g
1787756943461,2026-08-26T17:09:03.461000,3,0.001542335,99.88514070113813,g
1787756943524,2026-08-26T17:09:03.524000,0,-0.000076348,0.13486949730881342,g
1787756943561,2026-08-26T17:09:03.561000,3,0.001542390,99.85913848215618,g
1787756943625,2026-08-26T17:09:03.625000,0,-0.000076351,0.1487166718185419,g
1787756943661,2026-08-26T17:09:03.661000,3,0.001542422,99.84415412851166,g
1787756943725,2026-08-26T17:09:03.725000,0,-0.000076367,0.22718069001389196,g
1787756943762,2026-08-26T17:09:03.762000,3,0.001542382,99.86310497046347,g
1787756943825,2026-08-26T17:09:03.825000,0,-0.000076328,0.03793927574084834,g
1787756943862,2026-08-26T17:09:03.862000,3,0.001542359,99.8741228358008,g
1787756943925,2026-08-26T17:09:03.925000,0,-0.000076339,0.08871390095627414,g
1787756943962,2026-08-26T17:09:03.962000,3,0.001542426,99.84239140255787,g
1787756944026,2026-08-26T17:09:04.026000,0,-0.000076368,0.23179971887684564,g
1787756944062,2026-08-26T17:09:04.062000,3,0.001542319,99.89307367775261,g
1787756944126,2026-08-26T17:09:04.126000,0,-0.000076353,0.1579497735048494,g
1787756944164,2026-08-26T17:09:04.164000,3,0.001542271,99.91554997161192,g
1787756944226,2026-08-26T17:09:04.226000,0,-0.000076343,0.11178922111277742,g
1787756944265,2026-08-26T17:09:04.265000,3,0.001542366,99.87059691067817,g
1787756944327,2026-08-26T17:09:04.327000,0,-0.000076349,0.1394835701322344,g
1787756944365,2026-08-26T17:09:04.365000,3,0.001542401,99.85429039426452,g
1787756944427,2026-08-26T17:09:04.427000,0,-0.000076322,0.005630853898037555,g
1787756944465,2026-08-26T17:09:04.465000,3,0.001542329,99.88822558986095,g
1787756944527,2026-08-26T17:09:04.527000,0,-0.000076317,-0.017449422297998434,g
1787756944565,2026-08-26T17:09:04.565000,3,0.001542278,99.91246508288909,g
1787756944627,2026-08-26T17:09:04.627000,0,-0.000076318,-0.012830393435111912,g
1787756944666,2026-08-26T17:09:04.666000,3,0.001542355,99.8758855617545,g
1787756944728,2026-08-26T17:09:04.728000,0,-0.000076360,0.19487226817108116,g
1787756944766,2026-08-26T17:09:04.766000,3,0.001542320,99.89219207816815,g
1787756944828,2026-08-26T17:09:04.828000,0,-0.000076348,0.13486949730881342,g
1787756944866,2026-08-26T17:09:04.866000,3,0.001542392,99.85825688257182,g
1787756944928,2026-08-26T17:09:04.928000,0,-0.000076354,0.1625638463282704,g
1787756944968,2026-08-26T17:09:04.968000,3,0.001542381,99.86354553364815,g
1787756945029,2026-08-26T17:09:05.029000,0,-0.000076342,0.10717514828942361,g
1787756945068,2026-08-26T17:09:05.068000,3,0.001542360,99.87368179940111,g
1787756945129,2026-08-26T17:09:05.129000,0,-0.000076363,0.20871944268080966,g
1787756945169,2026-08-26T17:09:05.169000,3,0.001542303,99.9005656179673,g
1787756945229,2026-08-26T17:09:05.229000,0,-0.000076372,0.2548750390332818,g
1787756945269,2026-08-26T17:09:05.269000,3,0.001542344,99.88117421283083,g
1787756945330,2026-08-26T17:09:05.330000,0,-0.000076324,0.01486395558434506,g
1787756945369,2026-08-26T17:09:05.369000,3,0.001542364,99.87147851026263,g
1787756945430,2026-08-26T17:09:05.430000,0,-0.000076327,0.03332520291742736,g
1787756945469,2026-08-26T17:09:05.469000,3,0.001542386,99.86134177129465,g
1787756945530,2026-08-26T17:09:05.530000,0,-0.000076359,0.1902581953476602,g
1787756945569,2026-08-26T17:09:05.569000,3,0.001542323,99.89086991539912,g
1787756945630,2026-08-26T17:09:05.630000,0,-0.000076345,0.12102232279908492,g
1787756945670,2026-08-26T17:09:05.670000,3,0.001542387,99.86090120810998,g
1787756945731,2026-08-26T17:09:05.731000,0,-0.000076370,0.24564689338650697,g
1787756945770,2026-08-26T17:09:05.770000,3,0.001542373,99.86751202195533,g
1787756945831,2026-08-26T17:09:05.831000,0,-0.000076341,0.09794204660304894,g
1787756945870,2026-08-26T17:09:05.870000,3,0.001542355,99.8758855617545,g
1787756945931,2026-08-26T17:09:05.931000,0,-0.000076344,0.11640824997573111,g
1787756945970,2026-08-26T17:09:05.970000,3,0.001542362,99.872360109847,g
1787756946031,2026-08-26T17:09:06.031000,0,-0.000076335,0.07025265362319184,g
1787756946071,2026-08-26T17:09:06.071000,3,0.001542351,99.8776482877083,g
1787756946132,2026-08-26T17:09:06.132000,0,-0.000076304,-0.08206626598362,g
1787756946171,2026-08-26T17:09:06.171000,3,0.001542331,99.88734399027659,g
1787756946232,2026-08-26T17:09:06.232000,0,-0.000076344,0.11640824997573111,g
1787756946271,2026-08-26T17:09:06.271000,3,0.001542361,99.87324123621633,g
1787756946332,2026-08-26T17:09:06.332000,0,-0.000076367,0.22718069001389196,g
1787756946371,2026-08-26T17:09:06.371000,3,0.001542304,99.90012505478263,g
1787756946432,2026-08-26T17:09:06.432000,0,-0.000076340,0.09332797377969512,g
1787756946472,2026-08-26T17:09:06.472000,3,0.001542387,99.86090120810998,g
1787756946533,2026-08-26T17:09:06.533000,0,-0.000076365,0.21795254436711717,g
1787756946572,2026-08-26T17:09:06.572000,3,0.001542385,99.86178280769434,g
1787756946633,2026-08-26T17:09:06.633000,0,-0.000076335,0.07025265362319184,g
1787756946672,2026-08-26T17:09:06.672000,3,0.001542248,99.92656783694925,g
1787756946733,2026-08-26T17:09:06.733000,0,-0.000076354,0.1625638463282704,g
1787756946772,2026-08-26T17:09:06.772000,3,0.001542305,99.89968449159797,g
1787756946833,2026-08-26T17:09:06.833000,0,-0.000076381,0.29641656256246723,g
1787756946873,2026-08-26T17:09:06.873000,3,0.001542420,99.84503572809602,g
1787756946934,2026-08-26T17:09:06.934000,0,-0.000076317,-0.017449422297998434,g
1787756946973,2026-08-26T17:09:06.973000,3,0.001542323,99.89086991539912,g
1787756947034,2026-08-26T17:09:07.034000,0,-0.000076306,-0.07283316429731251,g
1787756947073,2026-08-26T17:09:07.073000,3,0.001542333,99.88646286390716,g
1787756947134,2026-08-26T17:09:07.134000,0,-0.000076343,0.11178922111277742,g
1787756947173,2026-08-26T17:09:07.173000,3,0.001542361,99.87280067303166,g
1787756947234,2026-08-26T17:09:07.234000,0,-0.000076332,0.05640547911346335,g
1787756947274,2026-08-26T17:09:07.274000,3,0.001542402,99.85340926789519,g
1787756947334,2026-08-26T17:09:07.334000,0,-0.000076361,0.19949129703403487,g
1787756947374,2026-08-26T17:09:07.374000,3,0.001542350,99.87808932410799,g
1787756947435,2026-08-26T17:09:07.435000,0,-0.000076329,0.042558304603802034,g
1787756947474,2026-08-26T17:09:07.474000,3,0.001542322,99.89131047858379,g
1787756947535,2026-08-26T17:09:07.535000,0,-0.000076339,0.08871390095627414,g
1787756947574,2026-08-26T17:09:07.574000,3,0.001542355,99.8758855617545,g
1787756947635,2026-08-26T17:09:07.635000,0,-0.000076288,-0.16053524021856994,g
1787756947675,2026-08-26T17:09:07.675000,3,0.001542381,99.86354553364815,g
1787756947735,2026-08-26T17:09:07.735000,0,-0.000076358,0.18564412252430637,g
1787756947775,2026-08-26T17:09:07.775000,3,0.001542360,99.87368179940111,g
1787756947836,2026-08-26T17:09:07.836000,0,-0.000076347,0.1302554244854596,g
1787756947875,2026-08-26T17:09:07.875000,3,0.001542361,99.87280067303166,g
1787756947937,2026-08-26T17:09:07.937000,0,-0.000076359,0.1902581953476602,g
1787756947975,2026-08-26T17:09:07.975000,3,0.001542318,99.89351424093728,g
1787756948037,2026-08-26T17:09:08.037000,0,-0.000076355,0.1717969480145779,g
1787756948076,2026-08-26T17:09:08.076000,3,0.001542320,99.89263264135282,g
1787756948137,2026-08-26T17:09:08.137000,0,-0.000076341,0.10256107546600263,g
1787756948176,2026-08-26T17:09:08.176000,3,0.001542337,99.88425910155365,g
1787756948237,2026-08-26T17:09:08.237000,0,-0.000076339,0.08871390095627414,g
1787756948276,2026-08-26T17:09:08.276000,3,0.001542372,99.86795258514,g
1787756948337,2026-08-26T17:09:08.337000,0,-0.000076364,0.21333847154369617,g
1787756948376,2026-08-26T17:09:08.376000,3,0.001542340,99.88293693878462,g
1787756948438,2026-08-26T17:09:08.438000,0,-0.000076363,0.20871944268080966,g
1787756948476,2026-08-26T17:09:08.476000,3,0.001542523,99.79655674203974,g
1787756948538,2026-08-26T17:09:08.538000,0,-0.000076328,0.03793927574084834,g
1787756948577,2026-08-26T17:09:08.577000,3,0.001542108,99.9926755021882,g
1787756948638,2026-08-26T17:09:08.638000,0,-0.000076371,0.25026096620992794,g
1787756948677,2026-08-26T17:09:08.677000,3,0.001541373,100.34040005152112,g
1787756948738,2026-08-26T17:09:08.738000,0,-0.000076338,0.08409487209338762,g
1787756948777,2026-08-26T17:09:08.777000,3,0.001541629,100.21964409599524,g
1787756948839,2026-08-26T17:09:08.839000,0,-0.000076355,0.1717969480145779,g
1787756948877,2026-08-26T17:09:08.877000,3,0.001543405,99.37919907556038,g
1787756948939,2026-08-26T17:09:08.939000,0,-0.000076337,0.07948079926996664,g
1787756948978,2026-08-26T17:09:08.978000,3,0.001543171,99.4898187653334,g
1787756949039,2026-08-26T17:09:09.039000,0,-0.000076332,0.05640547911346335,g
1787756949078,2026-08-26T17:09:09.078000,3,0.001541890,100.09580277853141,g
1787756949139,2026-08-26T17:09:09.139000,0,-0.000076308,-0.0636050186505377,g
1787756949178,2026-08-26T17:09:09.178000,3,0.001542177,99.9600624693609,g
1787756949240,2026-08-26T17:09:09.240000,0,-0.000076335,0.07025265362319184,g
1787756949278,2026-08-26T17:09:09.278000,3,0.001542408,99.85076494235702,g
1787756949340,2026-08-26T17:09:09.340000,0,-0.000076337,0.07948079926996664,g
1787756949379,2026-08-26T17:09:09.379000,3,0.001541934,100.07508921062589,g
1787756949440,2026-08-26T17:09:09.440000,0,-0.000076319,-0.008216320611690931,g
1787756949479,2026-08-26T17:09:09.479000,3,0.001542307,99.89836232882894,g
1787756949540,2026-08-26T17:09:09.540000,0,-0.000076354,0.1671779191516242,g
1787756949581,2026-08-26T17:09:09.581000,3,0.001542631,99.74543390366033,g
1787756949643,2026-08-26T17:09:09.643000,0,-0.000076349,0.1394835701322344,g
1787756949681,2026-08-26T17:09:09.681000,3,0.001542311,99.89659912966012,g
1787756949743,2026-08-26T17:09:09.743000,0,-0.000076367,0.22718069001389196,g
1787756949781,2026-08-26T17:09:09.781000,3,0.001542097,99.99796368004951,g
1787756949843,2026-08-26T17:09:09.843000,0,-0.000076356,0.17641102083799887,g
1787756949882,2026-08-26T17:09:09.882000,3,0.001542390,99.85913848215618,g
1787756949944,2026-08-26T17:09:09.944000,0,-0.000076337,0.07948079926996664,g
1787756949982,2026-08-26T17:09:09.982000,3,0.001542500,99.8071340441924,g
1787756950044,2026-08-26T17:09:10.044000,0,-0.000076342,0.10717514828942361,g
1787756950082,2026-08-26T17:09:10.082000,3,0.001542267,99.91731269756573,g
1787756950144,2026-08-26T17:09:10.144000,0,-0.000076316,-0.02206349512141942,g
1787756950182,2026-08-26T17:09:10.182000,3,0.001542270,99.91599053479659,g
1787756950244,2026-08-26T17:09:10.244000,0,-0.000076335,0.07025265362319184,g
1787756950283,2026-08-26T17:09:10.283000,3,0.001542404,99.85252766831083,g
1787756950345,2026-08-26T17:09:10.345000,0,-0.000076336,0.07486672644661282,g
1787756950383,2026-08-26T17:09:10.383000,3,0.001542388,99.86001960852562,g
1787756950445,2026-08-26T17:09:10.445000,0,-0.000076318,-0.012830393435111912,g
1787756950483,2026-08-26T17:09:10.483000,3,0.001542305,99.89968449159797,g
1787756950545,2026-08-26T17:09:10.545000,0,-0.000076347,0.1302554244854596,g
1787756950583,2026-08-26T17:09:10.583000,3,0.001542310,99.8970401660598,g
1787756950645,2026-08-26T17:09:10.645000,0,-0.000076348,0.13486949730881342,g
1787756950683,2026-08-26T17:09:10.683000,3,0.001542415,99.84767958041917,g
1787756950745,2026-08-26T17:09:10.745000,0,-0.000076349,0.1394835701322344,g
1787756950784,2026-08-26T17:09:10.784000,3,0.001542343,99.8816147760155,g
1787756950846,2026-08-26T17:09:10.846000,0,-0.000076323,0.01024492672139137,g
1787756950884,2026-08-26T17:09:10.884000,3,0.001542290,99.90673586862809,g
1787756950946,2026-08-26T17:09:10.946000,0,-0.000076338,0.08409487209338762,g
1787756950984,2026-08-26T17:09:10.984000,3,0.001542377,99.86530825960185,g
1787756951046,2026-08-26T17:09:11.046000,0,-0.000076365,0.21795254436711717,g
1787756951084,2026-08-26T17:09:11.084000,3,0.001542353,99.87676716133896,g
1787756951146,2026-08-26T17:09:11.146000,0,-0.000076365,0.21795254436711717,g
1787756951185,2026-08-26T17:09:11.185000,3,0.001542374,99.86707145877067,g
1787756951247,2026-08-26T17:09:11.247000,0,-0.000076361,0.19949129703403487,g
1787756951285,2026-08-26T17:09:11.285000,3,0.001542325,99.88998831581476,g
1787756951347,2026-08-26T17:09:11.347000,0,-0.000076343,0.11178922111277742,g
1787756951385,2026-08-26T17:09:11.385000,3,0.001542330,99.88778502667628,g
1787756951447,2026-08-26T17:09:11.447000,0,-0.000076336,0.07486672644661282,g
1787756951485,2026-08-26T17:09:11.485000,3,0.001542319,99.89307367775261,g
1787756951547,2026-08-26T17:09:11.547000,0,-0.000076320,-0.003602247788337116,g
1787756951586,2026-08-26T17:09:11.586000,3,0.001542346,99.88029261324647,g
1787756951648,2026-08-26T17:09:11.648000,0,-0.000076349,0.1394835701322344,g
1787756951686,2026-08-26T17:09:11.686000,3,0.001542380,99.86398609683282,g
1787756951748,2026-08-26T17:09:11.748000,0,-0.000076339,0.08871390095627414,g
1787756951786,2026-08-26T17:09:11.786000,3,0.001542308,99.89792129242915,g
1787756951848,2026-08-26T17:09:11.848000,0,-0.000076354,0.1625638463282704,g
1787756951886,2026-08-26T17:09:11.886000,3,0.001542357,99.87500396217014,g
1787756951948,2026-08-26T17:09:11.948000,0,-0.000076318,-0.012830393435111912,g
1787756951986,2026-08-26T17:09:11.986000,3,0.001542338,99.88381853836898,g
1787756952048,2026-08-26T17:09:12.048000,0,-0.000076340,0.09332797377969512,g
1787756952087,2026-08-26T17:09:12.087000,3,0.001542393,99.85781631938715,g
1787756952149,2026-08-26T17:09:12.149000,0,-0.000076337,0.07948079926996664,g
1787756952187,2026-08-26T17:09:12.187000,3,0.001542357,99.87500396217014,g
1787756952249,2026-08-26T17:09:12.249000,0,-0.000076329,0.042558304603802034,g
1787756952287,2026-08-26T17:09:12.287000,3,0.001542312,99.89615856647545,g
1787756952349,2026-08-26T17:09:12.349000,0,-0.000076341,0.09794204660304894,g
1787756952387,2026-08-26T17:09:12.387000,3,0.001542224,99.93802673868626,g
1787756952450,2026-08-26T17:09:12.450000,0,-0.000076351,0.1487166718185419,g
1787756952488,2026-08-26T17:09:12.488000,3,0.001542412,99.8490017431882,g
1787756952550,2026-08-26T17:09:12.550000,0,-0.000076344,0.11640824997573111,g
1787756952588,2026-08-26T17:09:12.588000,3,0.001542560,99.77892806285706,g
1787756952650,2026-08-26T17:09:12.650000,0,-0.000076324,0.01486395558434506,g
1787756952688,2026-08-26T17:09:12.688000,3,0.001542234,99.9331786507946,g
1787756952750,2026-08-26T17:09:12.750000,0,-0.000076350,0.14410259899512093,g
1787756952788,2026-08-26T17:09:12.788000,3,0.001542239,99.93097488844121,g
1787756952850,2026-08-26T17:09:12.850000,0,-0.000076381,0.29641656256246723,g
1787756952889,2026-08-26T17:09:12.889000,3,0.001542401,99.85429039426452,g
1787756952951,2026-08-26T17:09:12.951000,0,-0.000076336,0.07486672644661282,g
1787756952989,2026-08-26T17:09:12.989000,3,0.001542442,99.83489898912804,g
1787756953051,2026-08-26T17:09:13.051000,0,-0.000076344,0.11640824997573111,g
1787756953089,2026-08-26T17:09:13.089000,3,0.001542289,99.90717643181277,g
1787756953151,2026-08-26T17:09:13.151000,0,-0.000076352,0.15333074464189572,g
1787756953189,2026-08-26T17:09:13.189000,3,0.001542268,99.91687213438095,g
1787756953251,2026-08-26T17:09:13.251000,0,-0.000076331,0.05178645025057683,g
1787756953290,2026-08-26T17:09:13.290000,3,0.001542357,99.87500396217014,g
1787756953352,2026-08-26T17:09:13.352000,0,-0.000076352,0.15333074464189572,g
1787756953390,2026-08-26T17:09:13.390000,3,0.001542389,99.85957904534085,g
1787756953452,2026-08-26T17:09:13.452000,0,-0.000076327,0.03332520291742736,g
1787756953490,2026-08-26T17:09:13.490000,3,0.001542283,99.90982075735093,g
1787756953552,2026-08-26T17:09:13.552000,0,-0.000076349,0.1394835701322344,g
1787756953590,2026-08-26T17:09:13.590000,3,0.001542335,99.88514070113813,g
1787756953652,2026-08-26T17:09:13.652000,0,-0.000076356,0.17641102083799887,g
1787756953690,2026-08-26T17:09:13.690000,3,0.001542388,99.86046064492531,g
1787756953753,2026-08-26T17:09:13.753000,0,-0.000076308,-0.0636050186505377,g
1787756953791,2026-08-26T17:09:13.791000,3,0.001542290,99.90673586862809,g
1787756953853,2026-08-26T17:09:13.853000,0,-0.000076302,-0.09129936766999468,g
1787756953891,2026-08-26T17:09:13.891000,3,0.001542368,99.86971578430884,g
1787756953953,2026-08-26T17:09:13.953000,0,-0.000076324,0.01486395558434506,g
1787756953991,2026-08-26T17:09:13.991000,3,0.001542350,99.87808932410799,g
1787756954054,2026-08-26T17:09:14.054000,0,-0.000076341,0.09794204660304894,g
1787756954091,2026-08-26T17:09:14.091000,3,0.001542341,99.88249637559996,g
1787756954154,2026-08-26T17:09:14.154000,0,-0.000076336,0.07486672644661282,g
1787756954192,2026-08-26T17:09:14.192000,3,0.001542327,99.88910718944531,g
1787756954254,2026-08-26T17:09:14.254000,0,-0.000076360,0.19487226817108116,g
1787756954292,2026-08-26T17:09:14.292000,3,0.001542378,99.86486769641718,g
1787756954355,2026-08-26T17:09:14.355000,0,-0.000076310,-0.0543719169642302,g
1787756954392,2026-08-26T17:09:14.392000,3,0.001542325,99.88998831581476,g
1787756954455,2026-08-26T17:09:14.455000,0,-0.000076340,0.09332797377969512,g
1787756954493,2026-08-26T17:09:14.493000,3,0.001542334,99.88602230072247,g
1787756954555,2026-08-26T17:09:14.555000,0,-0.000076326,0.024092101231119857,g
1787756954593,2026-08-26T17:09:14.593000,3,0.001542377,99.86530825960185,g
1787756954656,2026-08-26T17:09:14.656000,0,-0.000076354,0.1671779191516242,g
1787756954693,2026-08-26T17:09:14.693000,3,0.001542374,99.86707145877067,g
1787756954757,2026-08-26T17:09:14.757000,0,-0.000076356,0.17641102083799887,g
1787756954793,2026-08-26T17:09:14.793000,3,0.001542293,99.90541370585896,g
1787756954857,2026-08-26T17:09:14.857000,0,-0.000076307,-0.06821909147395869,g
1787756954894,2026-08-26T17:09:14.894000,3,0.001542335,99.88514070113813,g
1787756954960,2026-08-26T17:09:14.960000,0,-0.000076359,0.1902581953476602,g
1787756954999,2026-08-26T17:09:14.999000,3,0.001542373,99.86751202195533,g
1787756955060,2026-08-26T17:09:15.060000,0,-0.000076322,0.005630853898037555,g
1787756955100,2026-08-26T17:09:15.100000,3,0.001542362,99.872360109847,g
1787756955160,2026-08-26T17:09:15.160000,0,-0.000076353,0.1579497735048494,g
1787756955200,2026-08-26T17:09:15.200000,3,0.001542343,99.8816147760155,g
1787756955261,2026-08-26T17:09:15.261000,0,-0.000076348,0.13486949730881342,g
1787756955301,2026-08-26T17:09:15.301000,3,0.001542316,99.89439584052164,g
1787756955361,2026-08-26T17:09:15.361000,0,-0.000076352,0.15333074464189572,g
1787756955401,2026-08-26T17:09:15.401000,3,0.001542340,99.88293693878462,g
1787756955461,2026-08-26T17:09:15.461000,0,-0.000076355,0.1717969480145779,g
1787756955501,2026-08-26T17:09:15.501000,3,0.001542402,99.85384983107986,g
1787756955561,2026-08-26T17:09:15.561000,0,-0.000076343,0.11178922111277742,g
1787756955601,2026-08-26T17:09:15.601000,3,0.001542333,99.88646286390716,g
1787756955662,2026-08-26T17:09:15.662000,0,-0.000076337,0.07948079926996664,g
1787756955702,2026-08-26T17:09:15.702000,3,0.001542337,99.88425910155365,g
1787756955762,2026-08-26T17:09:15.762000,0,-0.000076367,0.22718069001389196,g
1787756955802,2026-08-26T17:09:15.802000,3,0.001542369,99.86927474790915,g
1787756955862,2026-08-26T17:09:15.862000,0,-0.000076344,0.11640824997573111,g
1787756955902,2026-08-26T17:09:15.902000,3,0.001542333,99.88646286390716,g
1787756955962,2026-08-26T17:09:15.962000,0,-0.000076339,0.08871390095627414,g
1787756956002,2026-08-26T17:09:16.002000,3,0.001542351,99.8776482877083,g
1787756956063,2026-08-26T17:09:16.063000,0,-0.000076358,0.18564412252430637,g
1787756956102,2026-08-26T17:09:16.102000,3,0.001542330,99.88778502667628,g
1787756956163,2026-08-26T17:09:16.163000,0,-0.000076337,0.07948079926996664,g
1787756956203,2026-08-26T17:09:16.203000,3,0.001542328,99.88866615304562,g
1787756956263,2026-08-26T17:09:16.263000,0,-0.000076339,0.08871390095627414,g
1787756956303,2026-08-26T17:09:16.303000,3,0.001542344,99.88117421283083,g
1787756956363,2026-08-26T17:09:16.363000,0,-0.000076358,0.18564412252430637,g
1787756956403,2026-08-26T17:09:16.403000,3,0.001542374,99.86707145877067,g
1787756956464,2026-08-26T17:09:16.464000,0,-0.000076354,0.1625638463282704,g
1787756956503,2026-08-26T17:09:16.503000,3,0.001542329,99.88822558986095,g
1787756956564,2026-08-26T17:09:16.564000,0,-0.000076335,0.07025265362319184,g
1787756956604,2026-08-26T17:09:16.604000,3,0.001542256,99.92260134864195,g
1787756956664,2026-08-26T17:09:16.664000,0,-0.000076347,0.1302554244854596,g
1787756956704,2026-08-26T17:09:16.704000,3,0.001542309,99.89748072924448,g
1787756956764,2026-08-26T17:09:16.764000,0,-0.000076350,0.14410259899512093,g
1787756956804,2026-08-26T17:09:16.804000,3,0.001542340,99.88293693878462,g
1787756956865,2026-08-26T17:09:16.865000,0,-0.000076340,0.09332797377969512,g
1787756956904,2026-08-26T17:09:16.904000,3,0.001542362,99.872360109847,g
1787756956965,2026-08-26T17:09:16.965000,0,-0.000076330,0.04717237742715585,g
1787756957005,2026-08-26T17:09:17.005000,3,0.001542328,99.88866615304562,g
1787756957065,2026-08-26T17:09:17.065000,0,-0.000076352,0.15333074464189572,g
1787756957105,2026-08-26T17:09:17.105000,3,0.001542291,99.90629483222841,g
1787756957165,2026-08-26T17:09:17.165000,0,-0.000076331,0.05178645025057683,g
1787756957205,2026-08-26T17:09:17.205000,3,0.001542374,99.86663042237097,g
1787756957266,2026-08-26T17:09:17.266000,0,-0.000076330,0.04717237742715585,g
1787756957305,2026-08-26T17:09:17.305000,3,0.001542367,99.8701563474935,g
1787756957366,2026-08-26T17:09:17.366000,0,-0.000076518,0.9795372303222454,g
1787756957406,2026-08-26T17:09:17.406000,3,0.001541344,100.35450280558128,g
1787756957466,2026-08-26T17:09:17.466000,0,-0.000076362,0.20410536985738867,g
1787756957506,2026-08-26T17:09:17.506000,3,0.001541422,100.31748272126211,g
1787756957567,2026-08-26T17:09:17.567000,0,-0.000076414,0.46258265667900755,g
1787756957606,2026-08-26T17:09:17.606000,3,0.001543056,99.54402649243555,g
1787756957667,2026-08-26T17:09:17.667000,0,-0.000076310,-0.0543719169642302,g
1787756957706,2026-08-26T17:09:17.706000,3,0.001543719,99.23023713869905,g
1787756957767,2026-08-26T17:09:17.767000,0,-0.000076463,0.7072127689908979,g
1787756957807,2026-08-26T17:09:17.807000,3,0.001540239,100.87719198397235,g
1787756957868,2026-08-26T17:09:17.868000,0,-0.000076275,-0.22515208390419153,g
1787756957907,2026-08-26T17:09:17.907000,3,0.001542050,100.01999988393918,g
1787756957968,2026-08-26T17:09:17.968000,0,-0.000076326,0.024092101231119857,g
1787756958007,2026-08-26T17:09:18.007000,3,0.001545489,98.39287700698713,g
1787756958069,2026-08-26T17:09:18.069000,0,-0.000076343,0.11178922111277742,g
1787756958108,2026-08-26T17:09:18.108000,3,0.001540133,100.92743369598244,g
1787756958170,2026-08-26T17:09:18.170000,0,-0.000076333,0.06101955193688433,g
1787756958208,2026-08-26T17:09:18.208000,3,0.001541770,100.15265530438684,g
1787756958270,2026-08-26T17:09:18.270000,0,-0.000076358,0.18564412252430637,g
1787756958308,2026-08-26T17:09:18.308000,3,0.001547557,97.41404687862858,g
1787756958370,2026-08-26T17:09:18.370000,0,-0.000076508,0.9287675611463523,g
1787756958409,2026-08-26T17:09:18.409000,3,0.001543500,99.33424601462661,g
1787756958471,2026-08-26T17:09:18.471000,0,-0.000076335,0.07025265362319184,g
1787756958509,2026-08-26T17:09:18.509000,3,0.001545599,98.34087256902335,g
1787756958571,2026-08-26T17:09:18.571000,0,-0.000076419,0.48566293287504353,g
1787756958609,2026-08-26T17:09:18.609000,3,0.001542328,99.88866615304562,g
1787756958671,2026-08-26T17:09:18.671000,0,-0.000076408,0.4348883076596178,g
1787756958709,2026-08-26T17:09:18.709000,3,0.001540066,100.95916512922527,g
1787756958771,2026-08-26T17:09:18.771000,0,-0.000076380,0.29180248973904627,g
1787756958810,2026-08-26T17:09:18.810000,3,0.001542714,99.705769493803,g
1787756958872,2026-08-26T17:09:18.872000,0,-0.000076380,0.29180248973904627,g
1787756958910,2026-08-26T17:09:18.910000,3,0.001543934,99.12887211509464,g
1787756958972,2026-08-26T17:09:18.972000,0,-0.000076310,-0.0543719169642302,g
1787756959010,2026-08-26T17:09:19.010000,3,0.001541360,100.3465703021818,g
1787756959074,2026-08-26T17:09:19.074000,0,-0.000076337,0.07948079926996664,g
1787756959113,2026-08-26T17:09:19.113000,3,0.001541240,100.40342235482223,g
1787756959175,2026-08-26T17:09:19.175000,0,-0.000076341,0.09794204660304894,g
1787756959214,2026-08-26T17:09:19.214000,3,0.001543663,99.25667992086566,g
1787756959278,2026-08-26T17:09:19.278000,0,-0.000076337,0.07948079926996664,g
1787756959314,2026-08-26T17:09:19.314000,3,0.001542689,99.71766848550966,g
1787756959378,2026-08-26T17:09:19.378000,0,-0.000076343,0.11178922111277742,g
1787756959419,2026-08-26T17:09:19.419000,3,0.001541556,100.25401985477623,g
1787756959479,2026-08-26T17:09:19.479000,0,-0.000076343,0.11178922111277742,g
1787756959519,2026-08-26T17:09:19.519000,3,0.001541710,100.18086081250715,g
1787756959579,2026-08-26T17:09:19.579000,0,-0.000076317,-0.017449422297998434,g
1787756959620,2026-08-26T17:09:19.620000,3,0.001542876,99.62952556281108,g
1787756959679,2026-08-26T17:09:19.679000,0,-0.000076348,0.13486949730881342,g
1787756959720,2026-08-26T17:09:19.720000,3,0.001542868,99.63305101471859,g
1787756959779,2026-08-26T17:09:19.779000,0,-0.000076376,0.27334124240596397,g
1787756959820,2026-08-26T17:09:19.820000,3,0.001541979,100.05393460632058,g
1787756959880,2026-08-26T17:09:19.880000,0,-0.000076346,0.12563639562250592,g
1787756959920,2026-08-26T17:09:19.920000,3,0.001541858,100.1112276953607,g
1787756959980,2026-08-26T17:09:19.980000,0,-0.000076254,-0.3313154071584641,g
1787756960021,2026-08-26T17:09:20.021000,3,0.001542606,99.75689233218242,g
1787756960080,2026-08-26T17:09:20.080000,0,-0.000076291,-0.14668806570884146,g
1787756960121,2026-08-26T17:09:20.121000,3,0.001542808,99.66169755923869,g
1787756960180,2026-08-26T17:09:20.180000,0,-0.000076363,0.20871944268080966,g
1787756960221,2026-08-26T17:09:20.221000,3,0.001542012,100.03806912630662,g
1787756960281,2026-08-26T17:09:20.281000,0,-0.000076368,0.23641379170019947,g
1787756960321,2026-08-26T17:09:20.321000,3,0.001542245,99.92788999971827,g
